All Social,All Social,All Social,All Social,All Social,All Social,All Social,All Social,All Social,All Social,All Social,All Social,Facebook,Instagram,LinkedIn,LinkedIn,Google (GBP),Google (GBP),Google (GBP),Google (GBP),Google (GBP),Google (GBP),Google (GBP),Google (GBP),Google (GBP),Google (GBP),YouTube,YouTube,YouTube,TikTok,TikTok,TikTok,TikTok,TikTok,TikTok,TikTok,Community,Community,Pinterest,Pinterest
postAtSpecificTime (YYYY-MM-DD HH:mm:ss),content,OGmetaUrl (url),imageUrls (comma-separated),gifUrl,videoUrls (comma-separated),thumbnailUrl,mediaOptimization (true/false),applyWatermark (true/false),tags (comma-separated),category,followUpComment,type (post/story/reel),type (post/story/reel),pdfTitle,postAsPdf (true/false),eventType (call_to_action/event/offer),actionType (none/order/book/shop/learn_more/call/sign_up),title,offerTitle,startDate (YYYY-MM-DD HH:mm:ss),endDate (YYYY-MM-DD HH:mm:ss),termsConditions,couponCode,redeemOnlineUrl,actionUrl,title,privacyLevel (private/public/unlisted),type (video/short),privacyLevel (everyone/friends/only_me),promoteOtherBrand (true/false),enableComment (true/false),enableDuet (true/false),enableStitch (true/false),videoDisclosure (true/false),promoteYourBrand (true/false),title,notifyAllGroupMembers (true/false),title,link
2026-09-19 15:00:00,"Juntar primeiro e comprar depois é o conselho financeiro mais repetido que existe. Ele tem a vantagem de parecer responsável e a desvantagem de ignorar o tempo.

Porque dinheiro parado não espera quieto. Ele encolhe.

Enquanto a poupança sobe devagar, o imóvel sobe no ritmo do mercado. No fim de alguns anos, o valor que era quase suficiente virou metade do necessário.

Guardamos com disciplina, e mesmo assim chegamos mais longe do objetivo.

Poder de compra é o nome disso: não quanto dinheiro você tem, mas quanto ele ainda compra. São coisas diferentes, e só uma delas aparece no extrato.

A outra só aparece no dia em que você vai negociar.

O consórcio inverte a ordem da frase. Em vez de juntar para depois comprar, você fixa hoje o valor do bem e paga ao longo do caminho.

Não é mágica: é só parar de correr atrás de um alvo que se move.

Se você passou anos guardando e sente que não saiu do lugar, o problema não foi falta de disciplina.

Foi o conselho, que nunca contou que guardar também tem custo.

Gostou? Fez sentido?

Então imagina a chave na sua mão, sem um centavo de juro no caminho. O que trava a maioria não é falta de dinheiro. É não saber como funciona.

Se quiser entender, comente SONHO abaixo. Eu te mando o material que explica tudo, do começo ao fim, de graça.

MUDE a história de endividamento da sua família.

#consorcio #casapropria #planejamentofinanceiro #educacaofinanceira #consorcioimobiliario #sairdoaluguel #primeiroimovel #organizacaofinanceira #patrimonio #cartadecredito #multiplic #fortaleza #poderdecompra #inflacao",,"https://multicon.vercel.app/carrosseis/Da6VHtHIqKL/sonho/slide-01.png, https://multicon.vercel.app/carrosseis/Da6VHtHIqKL/conteudo/slide-02.png, https://multicon.vercel.app/carrosseis/Da6VHtHIqKL/conteudo/slide-03.png, https://multicon.vercel.app/carrosseis/Da6VHtHIqKL/conteudo/slide-04.png, https://multicon.vercel.app/carrosseis/Da6VHtHIqKL/conteudo/slide-05.png, https://multicon.vercel.app/carrosseis/Da6VHtHIqKL/conteudo/slide-06.png, https://multicon.vercel.app/carrosseis/Da6VHtHIqKL/sonho/slide-07.png, https://multicon.vercel.app/carrosseis/Da6VHtHIqKL/sonho/slide-08.png",,,,TRUE,FALSE,consorcio,Produção,"Comente SONHO aqui e eu te mando o material que explica tudo, de graça.",post,post,Guardar também tem custo,TRUE,,,,,,,,,,,,,,,,,,,,,,,,
2026-09-20 15:00:00,"A gente costuma pensar em herança como algo que se entrega no fim. Um bem, um documento, uma assinatura em cartório.

Mas existe uma forma de herança que começa muito antes, e que custa pouco por mês.

Um consórcio pode ser feito a partir dos dezoito anos, com o nome limpo. E pode ser pensado por um pai ou uma mãe muito antes de o filho chegar lá.

Damos presentes que duram semanas, e adiamos o que duraria décadas.

Os economistas falam em horizonte de tempo: quanto mais longo ele for, menos esforço cada passo exige.

É a única vantagem financeira que não se compra com dinheiro. Só se ganha começando cedo.

Um jovem de dezoito anos com uma carta em andamento chega aos vinte e cinco com patrimônio em vez de dívida. Não porque ganhou mais, mas porque começou antes de precisar.

A diferença entre os dois caminhos não é o salário. É a data de início.

E se o seu filho já passou dos dezoito, ou se você mesmo já passou dos trinta, isso não fecha nenhuma porta.

O horizonte diminui, mas continua existindo — e ele só some para quem decide não olhar.

Gostou? Fez sentido?

Então imagina a chave na sua mão, sem um centavo de juro no caminho. O que trava a maioria não é falta de dinheiro. É não saber como funciona.

Se quiser entender, comente SONHO abaixo. Eu te mando o material que explica tudo, do começo ao fim, de graça.

MUDE a história de endividamento da sua família.

#consorcio #casapropria #planejamentofinanceiro #educacaofinanceira #consorcioimobiliario #sairdoaluguel #primeiroimovel #organizacaofinanceira #patrimonio #cartadecredito #multiplic #fortaleza #familia #heranca",,"https://multicon.vercel.app/carrosseis/Da7ogo9B5qk/sonho/slide-01.png, https://multicon.vercel.app/carrosseis/Da7ogo9B5qk/conteudo/slide-02.png, https://multicon.vercel.app/carrosseis/Da7ogo9B5qk/conteudo/slide-03.png, https://multicon.vercel.app/carrosseis/Da7ogo9B5qk/conteudo/slide-04.png, https://multicon.vercel.app/carrosseis/Da7ogo9B5qk/conteudo/slide-05.png, https://multicon.vercel.app/carrosseis/Da7ogo9B5qk/conteudo/slide-06.png, https://multicon.vercel.app/carrosseis/Da7ogo9B5qk/sonho/slide-07.png, https://multicon.vercel.app/carrosseis/Da7ogo9B5qk/sonho/slide-08.png",,,,TRUE,FALSE,consorcio,Produção,"Comente SONHO aqui e eu te mando o material que explica tudo, de graça.",post,post,A herança que cabe numa parcela,TRUE,,,,,,,,,,,,,,,,,,,,,,,,
2026-09-21 15:00:00,"Quem ouve falar em consórcio imagina uma fila longa e um sorteio distante. É meia verdade, e a metade que falta muda tudo.

Porque existem dois caminhos para ser contemplado, não um.

O primeiro é o sorteio: todos concorrem em igualdade, mês a mês, seguindo as regras do grupo. É o caminho de quem tem tempo.

O segundo é o lance, em que você antecipa parcelas e aumenta suas chances. É o caminho de quem tem pressa.

A palavra que os dois têm em comum é assembleia, a reunião mensal em que o grupo decide quem avança.

Não é um bingo: é um procedimento com regra publicada. Saber disso já muda a sensação de esperar no escuro.

Quem entende os dois caminhos deixa de depender da sorte e passa a escolher. Pode esperar tranquilo, pode acelerar quando aparecer um dinheiro extra.

A contemplação deixa de ser algo que acontece com você e vira algo que você decide.

Se ninguém tinha explicado isso, não foi distração sua.

É que quase toda propaganda de consórcio fala do sorteio e esquece de contar que existe a outra porta.

Gostou? Fez sentido?

Então imagina a chave na sua mão, sem um centavo de juro no caminho. O que trava a maioria não é falta de dinheiro. É não saber como funciona.

Se quiser entender, comente SONHO abaixo. Eu te mando o material que explica tudo, do começo ao fim, de graça.

MUDE a história de endividamento da sua família.

#consorcio #casapropria #planejamentofinanceiro #educacaofinanceira #consorcioimobiliario #sairdoaluguel #primeiroimovel #organizacaofinanceira #patrimonio #cartadecredito #multiplic #fortaleza #contemplacao #lance",,"https://multicon.vercel.app/carrosseis/DaBO61iBh-W/sonho/slide-01.png, https://multicon.vercel.app/carrosseis/DaBO61iBh-W/conteudo/slide-02.png, https://multicon.vercel.app/carrosseis/DaBO61iBh-W/conteudo/slide-03.png, https://multicon.vercel.app/carrosseis/DaBO61iBh-W/conteudo/slide-04.png, https://multicon.vercel.app/carrosseis/DaBO61iBh-W/conteudo/slide-05.png, https://multicon.vercel.app/carrosseis/DaBO61iBh-W/conteudo/slide-06.png, https://multicon.vercel.app/carrosseis/DaBO61iBh-W/sonho/slide-07.png, https://multicon.vercel.app/carrosseis/DaBO61iBh-W/sonho/slide-08.png",,,,TRUE,FALSE,consorcio,Produção,"Comente SONHO aqui e eu te mando o material que explica tudo, de graça.",post,post,Existem dois caminhos para chegar,TRUE,,,,,,,,,,,,,,,,,,,,,,,,
2026-09-22 15:00:00,"Para entrar num grupo de consórcio existe uma análise de crédito, e quem está com restrição no CPF costuma não ser aceito. É uma regra do sistema, não um julgamento sobre ninguém.

Mas ela é recebida como julgamento quase sempre.

A gente trata nome negativado como se fosse uma característica da pessoa, e não uma situação com data.

Chamamos de identidade aquilo que era só um período difícil.

No vocabulário do mercado existe um termo frio para isso: prazo de prescrição. Cinco anos, e o registro cai. Não por bondade, por lei.

O que significa que um não de hoje raramente é um não definitivo.

Organizar dívida não é castigo antes da recompensa. É a mesma coisa que o consórcio faria depois: colocar o que se deve dentro de um plano com começo e fim.

Quem faz isso chega no consórcio já sabendo a parte mais difícil.

Se o seu nome está negativado, você não está fora do jogo. Está num momento dele.

E momento, por definição, é a única coisa que não dura.

Gostou? Fez sentido?

Então imagina começar hoje.

Comente SONHO abaixo.

MUDE a história de endividamento da sua família.

#consorcio #casapropria #planejamentofinanceiro #educacaofinanceira #consorcioimobiliario #sairdoaluguel #primeiroimovel #organizacaofinanceira #patrimonio #cartadecredito #multiplic #fortaleza #organizarasdividas #recomeco",,"https://multicon.vercel.app/carrosseis/DaC4NlJpfqt/sonho/slide-01.png, https://multicon.vercel.app/carrosseis/DaC4NlJpfqt/conteudo/slide-02.png, https://multicon.vercel.app/carrosseis/DaC4NlJpfqt/conteudo/slide-03.png, https://multicon.vercel.app/carrosseis/DaC4NlJpfqt/conteudo/slide-04.png, https://multicon.vercel.app/carrosseis/DaC4NlJpfqt/conteudo/slide-05.png, https://multicon.vercel.app/carrosseis/DaC4NlJpfqt/conteudo/slide-06.png, https://multicon.vercel.app/carrosseis/DaC4NlJpfqt/sonho/slide-07.png, https://multicon.vercel.app/carrosseis/DaC4NlJpfqt/sonho/slide-08.png",,,,TRUE,FALSE,consorcio,Produção,"Comente SONHO aqui e eu te mando o material que explica tudo, de graça.",post,post,Um não que tem prazo,TRUE,,,,,,,,,,,,,,,,,,,,,,,,
2026-09-23 15:00:00,"Consórcio ficou conhecido como jeito de comprar casa ou carro. É verdade, mas é uma verdade estreita: cabe muito mais coisa ali dentro.

O que se contrata não é um bem. É um crédito.

Com uma carta contemplada dá para comprar imóvel, trocar de carro, reformar, abrir um negócio, quitar um financiamento caro, ou repartir tudo isso.

Pedimos uma ferramenta específica, e recebemos uma de propósito geral sem perceber.

Existe um nome para isso em finanças: liquidez com destino. Dinheiro que chega já comprometido com um objetivo, o que impede que ele evapore no caminho.

É menos liberdade do que uma conta corrente, e é exatamente por isso que costuma funcionar melhor.

A pergunta certa, então, não é se você quer um imóvel. É o que você faria com o valor disponível e organizado daqui a um ou dois anos.

A resposta a essa pergunta costuma ser mais interessante que a primeira.

Se você descartou consórcio porque não quer comprar casa agora, faz sentido: você foi informado assim.

Só que a ferramenta sempre foi mais larga do que a propaganda dela.

Gostou? Fez sentido?

Então imagina a chave na sua mão, sem um centavo de juro no caminho. O que trava a maioria não é falta de dinheiro. É não saber como funciona.

Se quiser entender, comente SONHO abaixo. Eu te mando o material que explica tudo, do começo ao fim, de graça.

MUDE a história de endividamento da sua família.

#consorcio #casapropria #planejamentofinanceiro #educacaofinanceira #consorcioimobiliario #sairdoaluguel #primeiroimovel #organizacaofinanceira #patrimonio #cartadecredito #multiplic #fortaleza #cartadecredito #investimento",,"https://multicon.vercel.app/carrosseis/DaDhcFjB_rD/sonho/slide-01.png, https://multicon.vercel.app/carrosseis/DaDhcFjB_rD/conteudo/slide-02.png, https://multicon.vercel.app/carrosseis/DaDhcFjB_rD/conteudo/slide-03.png, https://multicon.vercel.app/carrosseis/DaDhcFjB_rD/conteudo/slide-04.png, https://multicon.vercel.app/carrosseis/DaDhcFjB_rD/conteudo/slide-05.png, https://multicon.vercel.app/carrosseis/DaDhcFjB_rD/conteudo/slide-06.png, https://multicon.vercel.app/carrosseis/DaDhcFjB_rD/sonho/slide-07.png, https://multicon.vercel.app/carrosseis/DaDhcFjB_rD/sonho/slide-08.png",,,,TRUE,FALSE,consorcio,Produção,"Comente SONHO aqui e eu te mando o material que explica tudo, de graça.",post,post,"Uma carta, muitos destinos",TRUE,,,,,,,,,,,,,,,,,,,,,,,,
2026-09-24 15:00:00,"Quase toda conversa sobre consórcio começa pela parcela. Quanto cabe no mês, quanto aperta, quanto dá para esticar.

É a pergunta mais natural do mundo, e é a que menos ajuda.

Porque a parcela é consequência de três decisões anteriores: o valor da carta, o prazo do grupo e o tipo de bem. Errar qualquer uma delas custa caro.

Escolhemos com atenção o que é fácil de comparar, e no escuro o que realmente decide.

Existe um nome para esse desvio: viés da métrica visível. A gente otimiza aquilo que consegue medir de imediato e ignora o resto.

Funciona para escolher supermercado. Não funciona para um compromisso de dez anos.

Um consórcio de veículo não compra imóvel, e o inverso também não. Prazo curto aperta o mês; prazo longo alivia e estica a espera.

Nada disso aparece quando a conversa começa e termina no valor da parcela.

Se você já contratou olhando só o mês, não foi ingenuidade sua. Foi assim que te apresentaram.

E quase tudo isso ainda dá para ajustar antes da contemplação.

Gostou? Fez sentido?

Então imagina a chave na sua mão, sem um centavo de juro no caminho. O que trava a maioria não é falta de dinheiro. É não saber como funciona.

Se quiser entender, comente SONHO abaixo. Eu te mando o material que explica tudo, do começo ao fim, de graça.

MUDE a história de endividamento da sua família.

#consorcio #casapropria #planejamentofinanceiro #educacaofinanceira #consorcioimobiliario #sairdoaluguel #primeiroimovel #organizacaofinanceira #patrimonio #cartadecredito #multiplic #fortaleza #consultoria #planejamento",,"https://multicon.vercel.app/carrosseis/DaJbEFKhhQb/sonho/slide-01.png, https://multicon.vercel.app/carrosseis/DaJbEFKhhQb/conteudo/slide-02.png, https://multicon.vercel.app/carrosseis/DaJbEFKhhQb/conteudo/slide-03.png, https://multicon.vercel.app/carrosseis/DaJbEFKhhQb/conteudo/slide-04.png, https://multicon.vercel.app/carrosseis/DaJbEFKhhQb/conteudo/slide-05.png, https://multicon.vercel.app/carrosseis/DaJbEFKhhQb/conteudo/slide-06.png, https://multicon.vercel.app/carrosseis/DaJbEFKhhQb/sonho/slide-07.png, https://multicon.vercel.app/carrosseis/DaJbEFKhhQb/sonho/slide-08.png",,,,TRUE,FALSE,consorcio,Produção,"Comente SONHO aqui e eu te mando o material que explica tudo, de graça.",post,post,A parcela é a pior pergunta,TRUE,,,,,,,,,,,,,,,,,,,,,,,,
2026-09-25 15:00:00,"A explicação mais honesta de consórcio talvez seja esportiva. Um grupo de pessoas monta um time e cada uma contribui todo mês para fortalecer o conjunto.

Ninguém joga sozinho, e ninguém depende só do próprio esforço.

Com o valor reunido, um participante é contemplado por mês. É como sair na frente no placar, só que o jogo não termina ali.

Num campeonato normal alguém perde. Aqui, todos acabam marcando.

O nome técnico disso é autofinanciamento coletivo: o próprio grupo banca as contemplações, sem banco no meio cobrando pelo dinheiro emprestado.

É a diferença entre dividir um custo e alugar dinheiro de alguém.

A ordem em que cada um chega varia, por sorteio ou por lance. O que não varia é que a rodada continua até o último participante receber a sua vez.

Por isso desistir no meio costuma ser o único jeito de sair perdendo.

Se a ideia parecia complicada até agora, o problema nunca foi você.

É que raramente alguém se dá ao trabalho de explicar antes de vender.

Gostou? Fez sentido?

Então imagina a chave na sua mão, sem um centavo de juro no caminho. O que trava a maioria não é falta de dinheiro. É não saber como funciona.

Se quiser entender, comente SONHO abaixo. Eu te mando o material que explica tudo, do começo ao fim, de graça.

MUDE a história de endividamento da sua família.

#consorcio #casapropria #planejamentofinanceiro #educacaofinanceira #consorcioimobiliario #sairdoaluguel #primeiroimovel #organizacaofinanceira #patrimonio #cartadecredito #multiplic #fortaleza #comofunciona #grupo",,"https://multicon.vercel.app/carrosseis/DaKvMHuB7eD/sonho/slide-01.png, https://multicon.vercel.app/carrosseis/DaKvMHuB7eD/conteudo/slide-02.png, https://multicon.vercel.app/carrosseis/DaKvMHuB7eD/conteudo/slide-03.png, https://multicon.vercel.app/carrosseis/DaKvMHuB7eD/conteudo/slide-04.png, https://multicon.vercel.app/carrosseis/DaKvMHuB7eD/conteudo/slide-05.png, https://multicon.vercel.app/carrosseis/DaKvMHuB7eD/conteudo/slide-06.png, https://multicon.vercel.app/carrosseis/DaKvMHuB7eD/sonho/slide-07.png, https://multicon.vercel.app/carrosseis/DaKvMHuB7eD/sonho/slide-08.png",,,,TRUE,FALSE,consorcio,Produção,"Comente SONHO aqui e eu te mando o material que explica tudo, de graça.",post,post,Um time onde todos marcam,TRUE,,,,,,,,,,,,,,,,,,,,,,,,
2026-09-26 15:00:00,"Vontade é a parte fácil. Quase todo mundo sabe exatamente o que quer: trocar de carro, sair do aluguel, abrir o próprio negócio.

A lista é clara. O que costuma faltar é a data.

Um desejo sem prazo, sem valor e sem próximo passo não é um plano. É uma vontade recorrente, que volta toda vez que o assunto aparece na conversa.

Sonhamos com precisão, e nos organizamos no improviso.

Existe uma expressão para o que transforma um no outro: intenção de implementação. É o momento em que a vontade ganha quando, quanto e como.

Só esse detalhe já muda bastante a chance de a coisa acontecer.

O consórcio funciona como uma dessas implementações. Ele coloca valor, prazo e um passo mensal em cima de algo que antes existia só em pensamento.

A vontade continua a mesma. O que muda é que agora ela tem calendário.

Se os seus planos ainda estão na cabeça, isso não faz de você alguém que não realiza.

Faz de você alguém que ainda não colocou data — e data é a parte mais fácil de resolver.

Gostou? Fez sentido?

Então imagina começar hoje.

Comente SONHO abaixo.

MUDE a história de endividamento da sua família.

#consorcio #casapropria #planejamentofinanceiro #educacaofinanceira #consorcioimobiliario #sairdoaluguel #primeiroimovel #organizacaofinanceira #patrimonio #cartadecredito #multiplic #fortaleza #planejamento #objetivos",,"https://multicon.vercel.app/carrosseis/DaQ5ayjBYmx/sonho/slide-01.png, https://multicon.vercel.app/carrosseis/DaQ5ayjBYmx/conteudo/slide-02.png, https://multicon.vercel.app/carrosseis/DaQ5ayjBYmx/conteudo/slide-03.png, https://multicon.vercel.app/carrosseis/DaQ5ayjBYmx/conteudo/slide-04.png, https://multicon.vercel.app/carrosseis/DaQ5ayjBYmx/conteudo/slide-05.png, https://multicon.vercel.app/carrosseis/DaQ5ayjBYmx/conteudo/slide-06.png, https://multicon.vercel.app/carrosseis/DaQ5ayjBYmx/sonho/slide-07.png, https://multicon.vercel.app/carrosseis/DaQ5ayjBYmx/sonho/slide-08.png",,,,TRUE,FALSE,consorcio,Produção,"Comente SONHO aqui e eu te mando o material que explica tudo, de graça.",post,post,Sonho sem plano continua sonho,TRUE,,,,,,,,,,,,,,,,,,,,,,,,
2026-09-27 15:00:00,"A maioria de nós só procura solução quando já precisa do bem. O carro quebrou, o contrato de aluguel venceu, a família cresceu.

E é justamente aí que as opções ficam piores.

Com pressa, a gente aceita o juro que aparecer, o prazo que couber e o bem que estiver disponível. Não é falta de inteligência: é falta de tempo.

Decidimos as coisas maiores da vida nos dias em que temos menos margem para decidir.

Quem estuda negociação chama isso de poder de saída: a força de quem pode dizer não e ir embora. Sem alternativa, esse poder é zero.

E o preço de não ter alternativa nunca vem escrito no contrato.

Planejar antes da necessidade é comprar de volta esse poder. Quem chega com crédito organizado escolhe o imóvel, o momento e o valor.

O bem é o mesmo. A posição na mesa é outra.

Se você só resolveu correndo até hoje, foi assim para quase todo mundo.

A pressa não é defeito de caráter. É só o resultado de não ter começado antes — e começar continua disponível.

Gostou? Fez sentido?

Então imagina a chave na sua mão, sem um centavo de juro no caminho. O que trava a maioria não é falta de dinheiro. É não saber como funciona.

Se quiser entender, comente SONHO abaixo. Eu te mando o material que explica tudo, do começo ao fim, de graça.

MUDE a história de endividamento da sua família.

#consorcio #casapropria #planejamentofinanceiro #educacaofinanceira #consorcioimobiliario #sairdoaluguel #primeiroimovel #organizacaofinanceira #patrimonio #cartadecredito #multiplic #fortaleza #planejamento #negociacao",,"https://multicon.vercel.app/carrosseis/DaQZW47h9UO/sonho/slide-01.png, https://multicon.vercel.app/carrosseis/DaQZW47h9UO/conteudo/slide-02.png, https://multicon.vercel.app/carrosseis/DaQZW47h9UO/conteudo/slide-03.png, https://multicon.vercel.app/carrosseis/DaQZW47h9UO/conteudo/slide-04.png, https://multicon.vercel.app/carrosseis/DaQZW47h9UO/conteudo/slide-05.png, https://multicon.vercel.app/carrosseis/DaQZW47h9UO/conteudo/slide-06.png, https://multicon.vercel.app/carrosseis/DaQZW47h9UO/sonho/slide-07.png, https://multicon.vercel.app/carrosseis/DaQZW47h9UO/sonho/slide-08.png",,,,TRUE,FALSE,consorcio,Produção,"Comente SONHO aqui e eu te mando o material que explica tudo, de graça.",post,post,A urgência é sempre mais cara,TRUE,,,,,,,,,,,,,,,,,,,,,,,,
2026-09-28 15:00:00,"Existem duas formas de um jovem começar a vida financeira. Uma delas é tão comum que virou paisagem: cartão, parcelamento, primeiro financiamento.

A outra quase ninguém apresenta.

Aos vinte e poucos anos a diferença entre as duas parece pequena. Aos trinta, ela é a distância entre ter um patrimônio e estar pagando por um.

Entramos na vida adulta comprando tempo emprestado, e passamos a década seguinte devolvendo.

Os financistas falam em efeito do ponto de partida: as primeiras decisões pesam mais que as seguintes, porque tudo o que vem depois é construído em cima delas.

Não é sobre ganhar muito cedo. É sobre não começar negativo.

Um consórcio contratado cedo faz o oposto do financiamento. Em vez de entregar o bem e cobrar juros por dez anos, ele organiza o esforço e entrega o bem quitado.

No fim do período, um dos caminhos deixa patrimônio e o outro deixa histórico.

E se você já começou pelo primeiro caminho, isso não define os próximos vinte anos.

Ponto de partida pesa, mas ninguém é obrigado a continuar partindo do mesmo lugar.

Gostou? Fez sentido?

Então imagina a chave na sua mão, sem um centavo de juro no caminho. O que trava a maioria não é falta de dinheiro. É não saber como funciona.

Se quiser entender, comente SONHO abaixo. Eu te mando o material que explica tudo, do começo ao fim, de graça.

MUDE a história de endividamento da sua família.

#consorcio #casapropria #planejamentofinanceiro #educacaofinanceira #consorcioimobiliario #sairdoaluguel #primeiroimovel #organizacaofinanceira #patrimonio #cartadecredito #multiplic #fortaleza #jovens #primeiropatrimonio",,"https://multicon.vercel.app/carrosseis/DaSYcTwhQZE/sonho/slide-01.png, https://multicon.vercel.app/carrosseis/DaSYcTwhQZE/conteudo/slide-02.png, https://multicon.vercel.app/carrosseis/DaSYcTwhQZE/conteudo/slide-03.png, https://multicon.vercel.app/carrosseis/DaSYcTwhQZE/conteudo/slide-04.png, https://multicon.vercel.app/carrosseis/DaSYcTwhQZE/conteudo/slide-05.png, https://multicon.vercel.app/carrosseis/DaSYcTwhQZE/conteudo/slide-06.png, https://multicon.vercel.app/carrosseis/DaSYcTwhQZE/sonho/slide-07.png, https://multicon.vercel.app/carrosseis/DaSYcTwhQZE/sonho/slide-08.png",,,,TRUE,FALSE,consorcio,Produção,"Comente SONHO aqui e eu te mando o material que explica tudo, de graça.",post,post,"Começar com bem, não com dívida",TRUE,,,,,,,,,,,,,,,,,,,,,,,,
2026-09-29 15:00:00,"Estima-se que brasileiros movimentem dezenas de bilhões de reais em apostas durante uma Copa. É um número grande demais para ser culpa de alguém em particular.

Ele diz mais sobre o que a gente busca do que sobre o que a gente erra.

Porque quem aposta não está sendo irresponsável: está comprando a possibilidade de uma virada rápida. É um desejo legítimo, e uma indústria inteira foi desenhada em cima dele.

Queremos muito mudar de vida, e escolhemos o caminho com menor chance de mudar.

Existe um conceito simples por trás disso: valor esperado. É quanto uma escolha rende, em média, se você a repetir muitas vezes.

Na aposta ele é negativo por construção. Num patrimônio, é positivo por construção.

A mesma quantia que sustenta um palpite por rodada sustenta uma parcela de consórcio por mês. A diferença é que no fim de uma delas existe um bem no seu nome.

Não é sobre ter disciplina de monge. É sobre para onde o mesmo dinheiro aponta.

Se boa parte do seu dinheiro já foi por ali, isso não te torna imprudente.

Só significa que ninguém tinha colocado as duas opções lado a lado. Agora estão.

Gostou? Fez sentido?

Então imagina a chave na sua mão, sem um centavo de juro no caminho. O que trava a maioria não é falta de dinheiro. É não saber como funciona.

Se quiser entender, comente SONHO abaixo. Eu te mando o material que explica tudo, do começo ao fim, de graça.

MUDE a história de endividamento da sua família.

#consorcio #casapropria #planejamentofinanceiro #educacaofinanceira #consorcioimobiliario #sairdoaluguel #primeiroimovel #organizacaofinanceira #patrimonio #cartadecredito #multiplic #fortaleza #educacaofinanceira #escolhas",,"https://multicon.vercel.app/carrosseis/Daa3FFLhDDQ/sonho/slide-01.png, https://multicon.vercel.app/carrosseis/Daa3FFLhDDQ/conteudo/slide-02.png, https://multicon.vercel.app/carrosseis/Daa3FFLhDDQ/conteudo/slide-03.png, https://multicon.vercel.app/carrosseis/Daa3FFLhDDQ/conteudo/slide-04.png, https://multicon.vercel.app/carrosseis/Daa3FFLhDDQ/conteudo/slide-05.png, https://multicon.vercel.app/carrosseis/Daa3FFLhDDQ/conteudo/slide-06.png, https://multicon.vercel.app/carrosseis/Daa3FFLhDDQ/sonho/slide-07.png, https://multicon.vercel.app/carrosseis/Daa3FFLhDDQ/sonho/slide-08.png",,,,TRUE,FALSE,consorcio,Produção,"Comente SONHO aqui e eu te mando o material que explica tudo, de graça.",post,post,Bilhões em palpites,TRUE,,,,,,,,,,,,,,,,,,,,,,,,
2026-09-30 15:00:00,"Um cliente ligou perguntando se era verdade o que tinha visto num vídeo: que com trinta por cento de lance embutido a contemplação estaria garantida.

Não está. E o vídeo não errou por acaso.

Lance embutido existe e é útil: ele sai de dentro da própria carta, sem dinheiro novo. O que não existe é garantia. O lance concorre, como todos os outros.

Guardamos com facilidade a parte boa da explicação, e esquecemos a condição que vinha junto.

Existe nome para essa armadilha: meia-verdade operacional. Cada pedaço da frase é correto, e o conjunto leva a uma conclusão errada.

É mais difícil de detectar que uma mentira inteira, e por isso circula mais.

A checagem custa uma mensagem. Antes de assinar qualquer coisa, dá para confirmar com quem responde pelo que diz e tem registro a perder.

Quem posta não assina o contrato junto com você.

Se você já acreditou em algo assim, não foi ingenuidade.

Foi uma informação construída para parecer completa — e desconfiar dela é aprendizado, não vergonha.

Gostou? Fez sentido?

Então imagina começar hoje.

Comente SONHO abaixo.

MUDE a história de endividamento da sua família.

#consorcio #casapropria #planejamentofinanceiro #educacaofinanceira #consorcioimobiliario #sairdoaluguel #primeiroimovel #organizacaofinanceira #patrimonio #cartadecredito #multiplic #fortaleza #lanceembutido #informacao",,"https://multicon.vercel.app/carrosseis/DadXnvXBeVx/sonho/slide-01.png, https://multicon.vercel.app/carrosseis/DadXnvXBeVx/conteudo/slide-02.png, https://multicon.vercel.app/carrosseis/DadXnvXBeVx/conteudo/slide-03.png, https://multicon.vercel.app/carrosseis/DadXnvXBeVx/conteudo/slide-04.png, https://multicon.vercel.app/carrosseis/DadXnvXBeVx/conteudo/slide-05.png, https://multicon.vercel.app/carrosseis/DadXnvXBeVx/conteudo/slide-06.png, https://multicon.vercel.app/carrosseis/DadXnvXBeVx/sonho/slide-07.png, https://multicon.vercel.app/carrosseis/DadXnvXBeVx/sonho/slide-08.png",,,,TRUE,FALSE,consorcio,Produção,"Comente SONHO aqui e eu te mando o material que explica tudo, de graça.",post,post,A internet não assina o contrato,TRUE,,,,,,,,,,,,,,,,,,,,,,,,
2026-10-01 15:00:00,"Muita gente diz, com orgulho justo, que nunca financiou nada. E quase sempre está financiando, só que com outro nome.

Cartão parcelado, limite, cheque especial, empréstimo pequeno para fechar o mês.

Toda vez que usamos dinheiro que ainda não é nosso, pagamos por isso. O custo existe mesmo quando não aparece separado na fatura.

Recusamos o financiamento com todas as letras, e aceitamos ele picado em prestações.

Economistas chamam de custo efetivo total: tudo que se paga além do valor da coisa, somado e trazido para a mesma régua.

É a única conta que permite comparar duas ofertas de verdade, e é a que raramente mostram.

No consórcio não há juro. Há taxa de administração, conhecida desde o primeiro dia, que não cresce se você demorar.

Não é que seja sempre melhor. É que dá para saber o preço antes, e isso já é raro.

Se você vem pagando por pressa há anos, não é descontrole.

É que quase nenhum desses custos se apresenta pelo nome. Agora que ele tem nome, fica mais fácil escolher.

Gostou? Fez sentido?

Então imagina a chave na sua mão, sem um centavo de juro no caminho. O que trava a maioria não é falta de dinheiro. É não saber como funciona.

Se quiser entender, comente SONHO abaixo. Eu te mando o material que explica tudo, do começo ao fim, de graça.

MUDE a história de endividamento da sua família.

#consorcio #casapropria #planejamentofinanceiro #educacaofinanceira #consorcioimobiliario #sairdoaluguel #primeiroimovel #organizacaofinanceira #patrimonio #cartadecredito #multiplic #fortaleza #juros #educacaofinanceira",,"https://multicon.vercel.app/carrosseis/Daf2JJNBo6F/sonho/slide-01.png, https://multicon.vercel.app/carrosseis/Daf2JJNBo6F/conteudo/slide-02.png, https://multicon.vercel.app/carrosseis/Daf2JJNBo6F/conteudo/slide-03.png, https://multicon.vercel.app/carrosseis/Daf2JJNBo6F/conteudo/slide-04.png, https://multicon.vercel.app/carrosseis/Daf2JJNBo6F/conteudo/slide-05.png, https://multicon.vercel.app/carrosseis/Daf2JJNBo6F/conteudo/slide-06.png, https://multicon.vercel.app/carrosseis/Daf2JJNBo6F/sonho/slide-07.png, https://multicon.vercel.app/carrosseis/Daf2JJNBo6F/sonho/slide-08.png",,,,TRUE,FALSE,consorcio,Produção,"Comente SONHO aqui e eu te mando o material que explica tudo, de graça.",post,post,Você financia todo mês sem saber,TRUE,,,,,,,,,,,,,,,,,,,,,,,,
2026-10-02 15:00:00,"Boa parte das empresas médias carrega uma dívida bancária que nasceu de uma urgência antiga e nunca mais foi revista. Ela vira parte da paisagem do caixa.

E o que vira paisagem a gente para de olhar.

Um empresário com quase três milhões em financiamentos pagava mais de quarenta mil por mês em parcelas. O negócio funcionava, mas trabalhava boa parte do mês para o banco.

Faturamos para crescer, e o crescimento fica com quem emprestou.

Existe um nome para o que ele fez: reperfilamento de dívida. Trocar um passivo caro e curto por um mais barato e mais longo, sem mudar o tamanho do negócio.

Não é sobre dever menos. É sobre dever em condições diferentes.

No caso dele, uma carta maior, o imóvel dado em garantia, os financiamentos quitados de uma vez, e uma parcela mensal que ficou abaixo da metade da anterior.

O mesmo passivo, redesenhado, devolveu fôlego ao caixa.

Se a sua empresa vem pagando juros altos há anos, isso não significa má gestão.

Significa que a dívida foi contratada num dia de aperto — e dia de aperto nunca foi bom momento para negociar.

Gostou? Fez sentido?

Então imagina a chave na sua mão, sem um centavo de juro no caminho. O que trava a maioria não é falta de dinheiro. É não saber como funciona.

Se quiser entender, comente SONHO abaixo. Eu te mando o material que explica tudo, do começo ao fim, de graça.

MUDE a história de endividamento da sua família.

#consorcio #casapropria #planejamentofinanceiro #educacaofinanceira #consorcioimobiliario #sairdoaluguel #primeiroimovel #organizacaofinanceira #patrimonio #cartadecredito #multiplic #fortaleza #empresario #dividas",,"https://multicon.vercel.app/carrosseis/DaftFoGB3da/sonho/slide-01.png, https://multicon.vercel.app/carrosseis/DaftFoGB3da/conteudo/slide-02.png, https://multicon.vercel.app/carrosseis/DaftFoGB3da/conteudo/slide-03.png, https://multicon.vercel.app/carrosseis/DaftFoGB3da/conteudo/slide-04.png, https://multicon.vercel.app/carrosseis/DaftFoGB3da/conteudo/slide-05.png, https://multicon.vercel.app/carrosseis/DaftFoGB3da/conteudo/slide-06.png, https://multicon.vercel.app/carrosseis/DaftFoGB3da/sonho/slide-07.png, https://multicon.vercel.app/carrosseis/DaftFoGB3da/sonho/slide-08.png",,,,TRUE,FALSE,consorcio,Produção,"Comente SONHO aqui e eu te mando o material que explica tudo, de graça.",post,post,Trocar dívida cara por dívida planejada,TRUE,,,,,,,,,,,,,,,,,,,,,,,,
2026-10-03 15:00:00,"Daqui a cinco anos você vai ter cinco anos a mais. Isso não está em discussão e não depende de nenhuma decisão sua.

O que está em aberto é o que vai existir do outro lado.

A gente adia achando que adiar é neutro, que nada acontece enquanto decide. Mas o tempo corre igual para quem começou e para quem está pensando.

Tratamos a espera como pausa, e ela nunca foi pausa.

Existe uma ideia simples em finanças: o custo de nada fazer. Toda escolha adiada é também uma escolha, com resultado próprio, que aparece depois.

A diferença é que ninguém assina embaixo dela.

Cinco anos de parcela terminam numa carta de crédito. Cinco anos de intenção terminam na mesma conversa, com os preços mais altos.

O esforço mensal de um deles é menor do que a maioria imagina.

Se você olhar para trás e sentir que perdeu tempo, quase todo mundo sente.

A boa notícia chata é que os próximos cinco anos também vão passar — e desta vez você sabe disso antes.

Gostou? Fez sentido?

Então imagina a chave na sua mão, sem um centavo de juro no caminho. O que trava a maioria não é falta de dinheiro. É não saber como funciona.

Se quiser entender, comente SONHO abaixo. Eu te mando o material que explica tudo, do começo ao fim, de graça.

MUDE a história de endividamento da sua família.

#consorcio #casapropria #planejamentofinanceiro #educacaofinanceira #consorcioimobiliario #sairdoaluguel #primeiroimovel #organizacaofinanceira #patrimonio #cartadecredito #multiplic #fortaleza #planejamento #tempo",,"https://multicon.vercel.app/carrosseis/Dal8i7EoKNE/sonho/slide-01.png, https://multicon.vercel.app/carrosseis/Dal8i7EoKNE/conteudo/slide-02.png, https://multicon.vercel.app/carrosseis/Dal8i7EoKNE/conteudo/slide-03.png, https://multicon.vercel.app/carrosseis/Dal8i7EoKNE/conteudo/slide-04.png, https://multicon.vercel.app/carrosseis/Dal8i7EoKNE/conteudo/slide-05.png, https://multicon.vercel.app/carrosseis/Dal8i7EoKNE/conteudo/slide-06.png, https://multicon.vercel.app/carrosseis/Dal8i7EoKNE/sonho/slide-07.png, https://multicon.vercel.app/carrosseis/Dal8i7EoKNE/sonho/slide-08.png",,,,TRUE,FALSE,consorcio,Produção,"Comente SONHO aqui e eu te mando o material que explica tudo, de graça.",post,post,O tempo passa de qualquer jeito,TRUE,,,,,,,,,,,,,,,,,,,,,,,,
2026-10-04 15:00:00,"Quase todo mundo já tentou guardar dinheiro por conta própria. Separa no início do mês, promete não mexer, e quase sempre mexe.

Não é fraqueza de caráter. É o desenho do arranjo.

Dinheiro parado numa conta está sempre disponível, e o que está disponível compete com tudo: o imprevisto, a oportunidade, o cansaço de uma semana difícil.

Prometemos com firmeza no dia primeiro, e negociamos com nós mesmos no dia vinte.

Os comportamentalistas chamam isso de atrito: quanto mais fácil for desviar de um plano, menos o plano sobrevive.

A solução nunca foi ter mais força de vontade. Foi colocar atrito no caminho errado.

Uma parcela de consórcio chega com data, com valor e com destino. Ela não pede sua opinião todo mês, e é por isso que funciona.

A disciplina deixa de ser um esforço diário e vira uma decisão que você tomou uma vez.

Se você tentou guardar sozinho e não conseguiu, você não é indisciplinado.

Só estava usando um método que exige o impossível: acertar todas as vezes, por anos seguidos.

Gostou? Fez sentido?

Então imagina começar hoje.

Comente SONHO abaixo.

MUDE a história de endividamento da sua família.

#consorcio #casapropria #planejamentofinanceiro #educacaofinanceira #consorcioimobiliario #sairdoaluguel #primeiroimovel #organizacaofinanceira #patrimonio #cartadecredito #multiplic #fortaleza #disciplina #organizacaofinanceira",,"https://multicon.vercel.app/carrosseis/DanCPiShQSg/sonho/slide-01.png, https://multicon.vercel.app/carrosseis/DanCPiShQSg/conteudo/slide-02.png, https://multicon.vercel.app/carrosseis/DanCPiShQSg/conteudo/slide-03.png, https://multicon.vercel.app/carrosseis/DanCPiShQSg/conteudo/slide-04.png, https://multicon.vercel.app/carrosseis/DanCPiShQSg/conteudo/slide-05.png, https://multicon.vercel.app/carrosseis/DanCPiShQSg/conteudo/slide-06.png, https://multicon.vercel.app/carrosseis/DanCPiShQSg/sonho/slide-07.png, https://multicon.vercel.app/carrosseis/DanCPiShQSg/sonho/slide-08.png",,,,TRUE,FALSE,consorcio,Produção,"Comente SONHO aqui e eu te mando o material que explica tudo, de graça.",post,post,Disciplina que não depende de você,TRUE,,,,,,,,,,,,,,,,,,,,,,,,
2026-10-05 15:00:00,"A aposentadoria costuma ser tratada como um evento futuro, com data marcada, que um dia simplesmente chega.

Mas ela não começa no dia em que se para de trabalhar. Começa nas decisões de agora.

Quem chega aos sessenta com um imóvel alugado tem renda. Quem chega com uma previdência tem renda. Quem chega sem nenhum dos dois depende do que o Estado puder pagar.

Planejamos a viagem de fim de ano com detalhe, e a década final no escuro.

Existe uma expressão para isso: renda passiva. Dinheiro que entra sem exigir a sua presença — e presença é justamente o que escasseia com a idade.

Construir renda passiva leva tempo. É a única parte que não dá para comprimir.

Um consórcio de imóvel para renda é um caminho comum: a carta compra o bem, o aluguel ajuda no próximo, e o conjunto vira a aposentadoria que ninguém te prometeu.

Nada disso é rápido. Todas as versões rápidas disso são falsas.

E se você acha que começou tarde, a maior parte de quem conseguiu também achava.

O tempo que falta é sempre menos do que se tinha. E quase sempre mais do que o suficiente para começar.

Gostou? Fez sentido?

Então imagina a chave na sua mão, sem um centavo de juro no caminho. O que trava a maioria não é falta de dinheiro. É não saber como funciona.

Se quiser entender, comente SONHO abaixo. Eu te mando o material que explica tudo, do começo ao fim, de graça.

MUDE a história de endividamento da sua família.

#consorcio #casapropria #planejamentofinanceiro #educacaofinanceira #consorcioimobiliario #sairdoaluguel #primeiroimovel #organizacaofinanceira #patrimonio #cartadecredito #multiplic #fortaleza #aposentadoria #rendapassiva",,"https://multicon.vercel.app/carrosseis/DayAO4II2JN/sonho/slide-01.png, https://multicon.vercel.app/carrosseis/DayAO4II2JN/conteudo/slide-02.png, https://multicon.vercel.app/carrosseis/DayAO4II2JN/conteudo/slide-03.png, https://multicon.vercel.app/carrosseis/DayAO4II2JN/conteudo/slide-04.png, https://multicon.vercel.app/carrosseis/DayAO4II2JN/conteudo/slide-05.png, https://multicon.vercel.app/carrosseis/DayAO4II2JN/conteudo/slide-06.png, https://multicon.vercel.app/carrosseis/DayAO4II2JN/sonho/slide-07.png, https://multicon.vercel.app/carrosseis/DayAO4II2JN/sonho/slide-08.png",,,,TRUE,FALSE,consorcio,Produção,"Comente SONHO aqui e eu te mando o material que explica tudo, de graça.",post,post,Aposentadoria não começa aos sessenta,TRUE,,,,,,,,,,,,,,,,,,,,,,,,
2026-10-06 15:00:00,"Existe um detalhe operacional do consórcio que quase nunca aparece na conversa de venda, e que decide quem concorre e quem fica de fora.

Quem está com a parcela em atraso não participa da assembleia daquele mês.

A assembleia é onde tudo acontece: o sorteio, os lances, a contemplação. Ficar fora dela não atrasa o seu plano em um dia. Atrasa em um mês inteiro.

Cuidamos do compromisso grande e escorregamos na data pequena que o sustenta.

No mercado se diz que consórcio é um produto de adimplência: ele não cobra juros, mas exige regularidade. É essa a troca.

Não é punição. É a regra que faz o grupo funcionar para todo mundo.

Na prática, resolve-se com uma coisa só: débito automático, ou um lembrete alguns dias antes do vencimento.

Dois minutos de configuração valem, aqui, mais do que qualquer estratégia de lance.

Se você já perdeu uma assembleia por esquecimento, isso não comprometeu o seu consórcio.

Só adiou um mês — e é o tipo de coisa que não precisa acontecer duas vezes.

Gostou? Fez sentido?

Então imagina a chave na sua mão, sem um centavo de juro no caminho. O que trava a maioria não é falta de dinheiro. É não saber como funciona.

Se quiser entender, comente SONHO abaixo. Eu te mando o material que explica tudo, do começo ao fim, de graça.

MUDE a história de endividamento da sua família.

#consorcio #casapropria #planejamentofinanceiro #educacaofinanceira #consorcioimobiliario #sairdoaluguel #primeiroimovel #organizacaofinanceira #patrimonio #cartadecredito #multiplic #fortaleza #assembleia #adimplencia",,"https://multicon.vercel.app/carrosseis/DayViFGoZrj/sonho/slide-01.png, https://multicon.vercel.app/carrosseis/DayViFGoZrj/conteudo/slide-02.png, https://multicon.vercel.app/carrosseis/DayViFGoZrj/conteudo/slide-03.png, https://multicon.vercel.app/carrosseis/DayViFGoZrj/conteudo/slide-04.png, https://multicon.vercel.app/carrosseis/DayViFGoZrj/conteudo/slide-05.png, https://multicon.vercel.app/carrosseis/DayViFGoZrj/conteudo/slide-06.png, https://multicon.vercel.app/carrosseis/DayViFGoZrj/sonho/slide-07.png, https://multicon.vercel.app/carrosseis/DayViFGoZrj/sonho/slide-08.png",,,,TRUE,FALSE,consorcio,Produção,"Comente SONHO aqui e eu te mando o material que explica tudo, de graça.",post,post,O boleto atrasado custa o sorteio,TRUE,,,,,,,,,,,,,,,,,,,,,,,,
2026-10-07 15:00:00,"Vivemos numa cultura que trata velocidade como virtude. Quero agora, resolvo agora, pago depois — e o depois costuma ser mais caro.

A pressa virou sinônimo de competência, e quase ninguém revisa essa conta.

A tradição bíblica trabalha com outra ideia de tempo. Quase nada importante acontece de imediato: há preparo, travessia, e só então a chegada.

Queremos a colheita, e pulamos a parte em que se planta.

Os gregos tinham duas palavras para isso. Chronos é o tempo que passa no relógio; kairós é o momento em que a coisa está madura para acontecer.

São coisas diferentes, e só uma delas dá para apressar.

O consórcio pertence ao segundo tipo. Ele não entrega o bem na hora do desejo, mas ensina constância, tira o juro do caminho e chega com o bem quitado.

Não é um caminho mais lento. É um caminho com outro custo.

Se você sente que está demorando, talvez esteja apenas atravessando.

Nem tudo que demora está atrasado — e quem aprende a esperar com propósito costuma chegar inteiro.

Gostou? Fez sentido?

Então imagina a chave na sua mão, sem um centavo de juro no caminho. O que trava a maioria não é falta de dinheiro. É não saber como funciona.

Se quiser entender, comente SONHO abaixo. Eu te mando o material que explica tudo, do começo ao fim, de graça.

MUDE a história de endividamento da sua família.

#consorcio #casapropria #planejamentofinanceiro #educacaofinanceira #consorcioimobiliario #sairdoaluguel #primeiroimovel #organizacaofinanceira #patrimonio #cartadecredito #multiplic #fortaleza #fe #proposito",,"https://multicon.vercel.app/carrosseis/Db30lCVBoIG/sonho/slide-01.png, https://multicon.vercel.app/carrosseis/Db30lCVBoIG/conteudo/slide-02.png, https://multicon.vercel.app/carrosseis/Db30lCVBoIG/conteudo/slide-03.png, https://multicon.vercel.app/carrosseis/Db30lCVBoIG/conteudo/slide-04.png, https://multicon.vercel.app/carrosseis/Db30lCVBoIG/conteudo/slide-05.png, https://multicon.vercel.app/carrosseis/Db30lCVBoIG/conteudo/slide-06.png, https://multicon.vercel.app/carrosseis/Db30lCVBoIG/sonho/slide-07.png, https://multicon.vercel.app/carrosseis/Db30lCVBoIG/sonho/slide-08.png",,,,TRUE,FALSE,consorcio,Produção,"Comente SONHO aqui e eu te mando o material que explica tudo, de graça.",post,post,Nem tudo que demora está atrasado,TRUE,,,,,,,,,,,,,,,,,,,,,,,,
2026-10-08 15:00:00,"Nem todo uso de consórcio vale a mesma coisa. Todos funcionam, mas alguns devolvem mais do que custam, e vale conhecer a ordem.

Ela começa no destino mais comum e termina no menos falado.

Comprar um carro é o uso mais popular e o mais modesto: o bem serve, mas perde valor com o tempo. Comprar a casa própria vem logo acima, porque troca aluguel por patrimônio.

Escolhemos com frequência o que resolve o mês, e com raridade o que resolve a década.

Reforma é o terceiro: valoriza um imóvel que já é seu, sem entrar em financiamento. Um imóvel para alugar é o quarto, e aqui algo muda de natureza.

É o momento em que o bem deixa de custar e começa a render.

No topo fica a alavancagem patrimonial: usar o crédito para fazer o patrimônio existente gerar mais patrimônio. É o uso menos divulgado e o mais transformador.

O termo assusta, mas a ideia é simples: colocar o que está parado para trabalhar.

Se você só conhecia o primeiro item dessa lista, faz sentido.

É o único que a propaganda repete — e os outros quatro estavam disponíveis esse tempo todo.

Gostou? Fez sentido?

Então imagina começar hoje.

Comente SONHO abaixo.

MUDE a história de endividamento da sua família.

#consorcio #casapropria #planejamentofinanceiro #educacaofinanceira #consorcioimobiliario #sairdoaluguel #primeiroimovel #organizacaofinanceira #patrimonio #cartadecredito #multiplic #fortaleza #alavancagem #usos",,"https://multicon.vercel.app/carrosseis/Db9HlWWBvuS/sonho/slide-01.png, https://multicon.vercel.app/carrosseis/Db9HlWWBvuS/conteudo/slide-02.png, https://multicon.vercel.app/carrosseis/Db9HlWWBvuS/conteudo/slide-03.png, https://multicon.vercel.app/carrosseis/Db9HlWWBvuS/conteudo/slide-04.png, https://multicon.vercel.app/carrosseis/Db9HlWWBvuS/conteudo/slide-05.png, https://multicon.vercel.app/carrosseis/Db9HlWWBvuS/conteudo/slide-06.png, https://multicon.vercel.app/carrosseis/Db9HlWWBvuS/sonho/slide-07.png, https://multicon.vercel.app/carrosseis/Db9HlWWBvuS/sonho/slide-08.png",,,,TRUE,FALSE,consorcio,Produção,"Comente SONHO aqui e eu te mando o material que explica tudo, de graça.",post,post,Do carro à alavancagem,TRUE,,,,,,,,,,,,,,,,,,,,,,,,
2026-10-09 15:00:00,"Pagar à vista tem fama de decisão impecável. Sem dívida, sem juro, sem parcela. É o conselho que ninguém questiona numa mesa de família.

E ele ignora uma parte da conta.

Se o seu dinheiro está aplicado e rendendo, comprar à vista significa parar esse rendimento para sempre. O imóvel chega, e a renda que existia some junto.

Evitamos com rigor o custo visível, e aceitamos sem perceber o invisível.

É de novo o custo de oportunidade, agora do outro lado: o que se deixa de ganhar por usar o dinheiro de uma maneira e não de outra.

Nenhuma das duas escolhas é errada. Só uma delas costuma ser calculada.

Existe um meio-termo comum: usar parte do valor como lance, contemplar a carta, comprar o bem, e manter o resto aplicado rendendo o suficiente para cobrir a parcela.

O bem chega igual. O dinheiro continua trabalhando.

Se você já comprou à vista e só agora viu essa conta, não perdeu nada de essencial.

Você fez a escolha segura com a informação que tinha — e a próxima pode ser feita com as duas contas na mesa.

Gostou? Fez sentido?

Então imagina a chave na sua mão, sem um centavo de juro no caminho. O que trava a maioria não é falta de dinheiro. É não saber como funciona.

Se quiser entender, comente SONHO abaixo. Eu te mando o material que explica tudo, do começo ao fim, de graça.

MUDE a história de endividamento da sua família.

#consorcio #casapropria #planejamentofinanceiro #educacaofinanceira #consorcioimobiliario #sairdoaluguel #primeiroimovel #organizacaofinanceira #patrimonio #cartadecredito #multiplic #fortaleza #investimento #estrategia",,"https://multicon.vercel.app/carrosseis/DbBlrSSqqWu/sonho/slide-01.png, https://multicon.vercel.app/carrosseis/DbBlrSSqqWu/conteudo/slide-02.png, https://multicon.vercel.app/carrosseis/DbBlrSSqqWu/conteudo/slide-03.png, https://multicon.vercel.app/carrosseis/DbBlrSSqqWu/conteudo/slide-04.png, https://multicon.vercel.app/carrosseis/DbBlrSSqqWu/conteudo/slide-05.png, https://multicon.vercel.app/carrosseis/DbBlrSSqqWu/conteudo/slide-06.png, https://multicon.vercel.app/carrosseis/DbBlrSSqqWu/sonho/slide-07.png, https://multicon.vercel.app/carrosseis/DbBlrSSqqWu/sonho/slide-08.png",,,,TRUE,FALSE,consorcio,Produção,"Comente SONHO aqui e eu te mando o material que explica tudo, de graça.",post,post,Pagar à vista nem sempre é o melhor,TRUE,,,,,,,,,,,,,,,,,,,,,,,,
2026-10-10 15:00:00,"Uma carta de crédito contemplada não é um documento preso ao seu nome para sempre. Ela pode ser transferida, e existe quem compre.

É um mercado pequeno, real e pouco comentado.

Quem procura uma carta contemplada normalmente tem pressa e não quer entrar num financiamento. E pressa, em qualquer mercado, tem preço.

Acreditamos que só o banco pode nos dar liquidez, e às vezes ela está no nosso próprio contrato.

O nome disso é ágio: o valor pago acima do que a carta custou a quem a construiu. Dependendo do momento, ele chega a faixas relevantes.

Não é garantido e varia com a demanda. Mas existe.

Saber que essa porta existe muda a natureza do que você tem em mãos. Uma carta contemplada deixa de ser só um meio de comprar e passa a ser também um ativo.

Você pode usar, pode guardar, ou pode negociar.

Se você tem um consórcio há anos e nunca ouviu falar nisso, é normal.

É informação de quem vive o mercado, não de quem vende o produto — e agora ela é sua também.

Gostou? Fez sentido?

Então imagina a chave na sua mão, sem um centavo de juro no caminho. O que trava a maioria não é falta de dinheiro. É não saber como funciona.

Se quiser entender, comente SONHO abaixo. Eu te mando o material que explica tudo, do começo ao fim, de graça.

MUDE a história de endividamento da sua família.

#consorcio #casapropria #planejamentofinanceiro #educacaofinanceira #consorcioimobiliario #sairdoaluguel #primeiroimovel #organizacaofinanceira #patrimonio #cartadecredito #multiplic #fortaleza #cartacontemplada #agio",,"https://multicon.vercel.app/carrosseis/DbDW9iIBT7S/sonho/slide-01.png, https://multicon.vercel.app/carrosseis/DbDW9iIBT7S/conteudo/slide-02.png, https://multicon.vercel.app/carrosseis/DbDW9iIBT7S/conteudo/slide-03.png, https://multicon.vercel.app/carrosseis/DbDW9iIBT7S/conteudo/slide-04.png, https://multicon.vercel.app/carrosseis/DbDW9iIBT7S/conteudo/slide-05.png, https://multicon.vercel.app/carrosseis/DbDW9iIBT7S/conteudo/slide-06.png, https://multicon.vercel.app/carrosseis/DbDW9iIBT7S/sonho/slide-07.png, https://multicon.vercel.app/carrosseis/DbDW9iIBT7S/sonho/slide-08.png",,,,TRUE,FALSE,consorcio,Produção,"Comente SONHO aqui e eu te mando o material que explica tudo, de graça.",post,post,Existe mercado para a sua carta,TRUE,,,,,,,,,,,,,,,,,,,,,,,,
2026-10-11 15:00:00,"A ideia mais comum sobre consórcio é a de que só resta esperar o sorteio. Existe outra porta, e a parte mais interessante dela é o que vem depois.

Chama-se lance.

Com o lance você antecipa parcelas e concorre para receber a carta antes. Até aqui, muita gente sabe. O que quase ninguém conta é que nada muda no custo.

Recebemos o bem mais cedo, e continuamos pagando o mesmo preço.

Num financiamento, antecipar o bem significa mais tempo de juro correndo. No consórcio não existe juro para alongar: existe a taxa de administração, definida desde o início.

Antecipação, ali, é decisão de prazo, não de preço.

É por isso que tanta gente compra imóvel bem antes do que a matemática do sorteio sugeriria. Não tiveram sorte: usaram uma regra que sempre esteve escrita.

Basta ter guardado algo para oferecer como lance quando fizer sentido.

Se você achava que era só esperar, você foi informado assim por quase todo mundo.

O sorteio é a parte fácil de explicar. O lance é a parte que muda o plano.

Gostou? Fez sentido?

Então imagina a chave na sua mão, sem um centavo de juro no caminho. O que trava a maioria não é falta de dinheiro. É não saber como funciona.

Se quiser entender, comente SONHO abaixo. Eu te mando o material que explica tudo, do começo ao fim, de graça.

MUDE a história de endividamento da sua família.

#consorcio #casapropria #planejamentofinanceiro #educacaofinanceira #consorcioimobiliario #sairdoaluguel #primeiroimovel #organizacaofinanceira #patrimonio #cartadecredito #multiplic #fortaleza #lance #contemplacao",,"https://multicon.vercel.app/carrosseis/DbJC4IfBBPm/sonho/slide-01.png, https://multicon.vercel.app/carrosseis/DbJC4IfBBPm/conteudo/slide-02.png, https://multicon.vercel.app/carrosseis/DbJC4IfBBPm/conteudo/slide-03.png, https://multicon.vercel.app/carrosseis/DbJC4IfBBPm/conteudo/slide-04.png, https://multicon.vercel.app/carrosseis/DbJC4IfBBPm/conteudo/slide-05.png, https://multicon.vercel.app/carrosseis/DbJC4IfBBPm/conteudo/slide-06.png, https://multicon.vercel.app/carrosseis/DbJC4IfBBPm/sonho/slide-07.png, https://multicon.vercel.app/carrosseis/DbJC4IfBBPm/sonho/slide-08.png",,,,TRUE,FALSE,consorcio,Produção,"Comente SONHO aqui e eu te mando o material que explica tudo, de graça.",post,post,Contemplar antes não custa juro,TRUE,,,,,,,,,,,,,,,,,,,,,,,,
2026-10-12 15:00:00,"A pergunta mais repetida sobre consórcio é se ele vale a pena. A resposta honesta não é sim nem não: é comparado a quê.

Porque nenhuma ferramenta financeira é boa sozinha.

Comparado a um financiamento, ele costuma custar bem menos, porque não há juro, e sim taxa de administração conhecida desde o primeiro dia.

Comparado a juntar sozinho, ele é mais pobre em liberdade e mais rico em resultado.

Existe uma pergunta que analistas fazem antes de qualquer conta: qual é a alternativa real? Não a ideal, a real — a que você faria de fato se não fizesse isso.

Quase toda decisão ruim nasce de comparar com uma alternativa que não existia.

Para quem tem o dinheiro todo e pressa, o consórcio raramente é o melhor caminho. Para quem tem disciplina irregular e tempo, costuma ser.

É uma ferramenta com uso certo, não uma resposta universal.

Se alguém já te disse que consórcio é sempre bom ou sempre ruim, desconfie das duas frases.

A pergunta certa nunca foi essa — e fazer a pergunta certa já resolve metade da decisão.

Gostou? Fez sentido?

Então imagina começar hoje.

Comente SONHO abaixo.

MUDE a história de endividamento da sua família.

#consorcio #casapropria #planejamentofinanceiro #educacaofinanceira #consorcioimobiliario #sairdoaluguel #primeiroimovel #organizacaofinanceira #patrimonio #cartadecredito #multiplic #fortaleza #comparacao #decisao",,"https://multicon.vercel.app/carrosseis/DbLnr8ZhOH_/sonho/slide-01.png, https://multicon.vercel.app/carrosseis/DbLnr8ZhOH_/sonho/slide-02.png, https://multicon.vercel.app/carrosseis/DbLnr8ZhOH_/conteudo/slide-03.png, https://multicon.vercel.app/carrosseis/DbLnr8ZhOH_/conteudo/slide-04.png, https://multicon.vercel.app/carrosseis/DbLnr8ZhOH_/conteudo/slide-05.png, https://multicon.vercel.app/carrosseis/DbLnr8ZhOH_/conteudo/slide-06.png, https://multicon.vercel.app/carrosseis/DbLnr8ZhOH_/sonho/slide-07.png, https://multicon.vercel.app/carrosseis/DbLnr8ZhOH_/sonho/slide-08.png",,,,TRUE,FALSE,consorcio,Produção,"Comente SONHO aqui e eu te mando o material que explica tudo, de graça.",post,post,Vale a pena? Depende do que se compara,TRUE,,,,,,,,,,,,,,,,,,,,,,,,
2026-10-13 15:00:00,"A distância entre não ter nada planejado e ter uma carta de cem mil reais cabe em quatro passos. Nenhum deles é complicado.

O primeiro é o único que exige decisão.

Começa com uma carta de cem mil e parcela reduzida, na casa de poucas centenas de reais por mês. É menos do que a maioria das pessoas imagina.

Achamos que patrimônio começa com muito dinheiro, e ele costuma começar com pouco e por muito tempo.

O segundo passo é aguardar a contemplação, por sorteio ou lance. O terceiro é usar a carta para comprar o bem: imóvel, reforma, sala, terreno.

O quarto é o que quase ninguém chega a comentar: recomeçar.

Quem termina o primeiro ciclo já entendeu o mecanismo, já tem um bem, e frequentemente usa esse bem para sustentar o próximo consórcio.

É assim que uma parcela pequena vira duas, e depois vira patrimônio.

Se o plano parecia grande demais, é porque costuma ser apresentado pelo fim.

Visto pelo começo, ele é só uma parcela mensal e a paciência de dar o passo seguinte.

Gostou? Fez sentido?

Então imagina a chave na sua mão, sem um centavo de juro no caminho. O que trava a maioria não é falta de dinheiro. É não saber como funciona.

Se quiser entender, comente SONHO abaixo. Eu te mando o material que explica tudo, do começo ao fim, de graça.

MUDE a história de endividamento da sua família.

#consorcio #casapropria #planejamentofinanceiro #educacaofinanceira #consorcioimobiliario #sairdoaluguel #primeiroimovel #organizacaofinanceira #patrimonio #cartadecredito #multiplic #fortaleza #passoapasso #patrimonio",,"https://multicon.vercel.app/carrosseis/DbOaKaHh5XC/sonho/slide-01.png, https://multicon.vercel.app/carrosseis/DbOaKaHh5XC/conteudo/slide-02.png, https://multicon.vercel.app/carrosseis/DbOaKaHh5XC/conteudo/slide-03.png, https://multicon.vercel.app/carrosseis/DbOaKaHh5XC/conteudo/slide-04.png, https://multicon.vercel.app/carrosseis/DbOaKaHh5XC/conteudo/slide-05.png, https://multicon.vercel.app/carrosseis/DbOaKaHh5XC/conteudo/slide-06.png, https://multicon.vercel.app/carrosseis/DbOaKaHh5XC/sonho/slide-07.png, https://multicon.vercel.app/carrosseis/DbOaKaHh5XC/sonho/slide-08.png",,,,TRUE,FALSE,consorcio,Produção,"Comente SONHO aqui e eu te mando o material que explica tudo, de graça.",post,post,Cem mil em quatro passos,TRUE,,,,,,,,,,,,,,,,,,,,,,,,
2026-10-14 15:00:00,"Existe um tipo de produto financeiro que promete resultado rápido, e outro que promete resultado provável. Eles raramente são o mesmo produto.

O consórcio é honestamente do segundo tipo.

Ele não multiplica dinheiro, não tem rendimento extraordinário e não resolve um aperto de mês. Pede paciência, constância e algum planejamento.

Buscamos atalhos com urgência, e chegamos por caminhos que exigiram tempo.

No mercado se fala em prêmio de iliquidez: retornos melhores costumam vir de coisas que você não pode desfazer no dia seguinte.

O desconforto de esperar é, em boa medida, o que está sendo remunerado.

É justamente por exigir tempo que ele funciona. Um compromisso que dura anos filtra o impulso e protege o plano de quem o criou.

O resultado aparece devagar, e por isso mesmo costuma aparecer.

Se você procurava algo mais rápido, isso não é ingenuidade: é o que o mercado inteiro prometeu a você.

O que demora não é o que falhou. Quase sempre é o único que ainda está de pé no fim.

Gostou? Fez sentido?

Então imagina a chave na sua mão, sem um centavo de juro no caminho. O que trava a maioria não é falta de dinheiro. É não saber como funciona.

Se quiser entender, comente SONHO abaixo. Eu te mando o material que explica tudo, do começo ao fim, de graça.

MUDE a história de endividamento da sua família.

#consorcio #casapropria #planejamentofinanceiro #educacaofinanceira #consorcioimobiliario #sairdoaluguel #primeiroimovel #organizacaofinanceira #patrimonio #cartadecredito #multiplic #fortaleza #paciencia #estrategia",,"https://multicon.vercel.app/carrosseis/DbQjdtjhFaR/sonho/slide-01.png, https://multicon.vercel.app/carrosseis/DbQjdtjhFaR/conteudo/slide-02.png, https://multicon.vercel.app/carrosseis/DbQjdtjhFaR/conteudo/slide-03.png, https://multicon.vercel.app/carrosseis/DbQjdtjhFaR/conteudo/slide-04.png, https://multicon.vercel.app/carrosseis/DbQjdtjhFaR/conteudo/slide-05.png, https://multicon.vercel.app/carrosseis/DbQjdtjhFaR/conteudo/slide-06.png, https://multicon.vercel.app/carrosseis/DbQjdtjhFaR/sonho/slide-07.png, https://multicon.vercel.app/carrosseis/DbQjdtjhFaR/sonho/slide-08.png",,,,TRUE,FALSE,consorcio,Produção,"Comente SONHO aqui e eu te mando o material que explica tudo, de graça.",post,post,Não promete dinheiro rápido,TRUE,,,,,,,,,,,,,,,,,,,,,,,,
2026-10-15 15:00:00,"Duas cartas de consórcio contempladas, do mesmo valor, podem valer coisas bem diferentes no mercado. A diferença não está no papel.

Está em três variáveis que quase nunca são explicadas.

A primeira é o tipo do bem: cartas de imóvel e de veículo têm demandas distintas. A segunda é o saldo devedor, porque quanto ainda falta pagar muda tudo para quem compra.

Olhamos o valor de face, e o mercado olha o que vem junto com ele.

A terceira é a menos previsível: a demanda do momento. Quando o juro do financiamento sobe, procura-se mais carta contemplada, e o preço acompanha.

É o mesmo mecanismo de qualquer mercado. Só que este quase não é comentado.

Saber disso muda a hora de agir. Vender uma carta num mês de juro alto e vendê-la num mês tranquilo são duas operações com resultados diferentes.

A carta é a mesma. O momento é que não é.

Se você tem uma carta e nunca avaliou isso, não perdeu nada ainda.

É uma informação que só importa no dia em que você decide usá-la — e ela chegou antes desse dia.

Gostou? Fez sentido?

Então imagina a chave na sua mão, sem um centavo de juro no caminho. O que trava a maioria não é falta de dinheiro. É não saber como funciona.

Se quiser entender, comente SONHO abaixo. Eu te mando o material que explica tudo, do começo ao fim, de graça.

MUDE a história de endividamento da sua família.

#consorcio #casapropria #planejamentofinanceiro #educacaofinanceira #consorcioimobiliario #sairdoaluguel #primeiroimovel #organizacaofinanceira #patrimonio #cartadecredito #multiplic #fortaleza #cartacontemplada #mercado",,"https://multicon.vercel.app/carrosseis/DbTjug5BBLl/sonho/slide-01.png, https://multicon.vercel.app/carrosseis/DbTjug5BBLl/conteudo/slide-02.png, https://multicon.vercel.app/carrosseis/DbTjug5BBLl/conteudo/slide-03.png, https://multicon.vercel.app/carrosseis/DbTjug5BBLl/conteudo/slide-04.png, https://multicon.vercel.app/carrosseis/DbTjug5BBLl/conteudo/slide-05.png, https://multicon.vercel.app/carrosseis/DbTjug5BBLl/conteudo/slide-06.png, https://multicon.vercel.app/carrosseis/DbTjug5BBLl/sonho/slide-07.png, https://multicon.vercel.app/carrosseis/DbTjug5BBLl/sonho/slide-08.png",,,,TRUE,FALSE,consorcio,Produção,"Comente SONHO aqui e eu te mando o material que explica tudo, de graça.",post,post,Nem toda carta vale o mesmo,TRUE,,,,,,,,,,,,,,,,,,,,,,,,
2026-10-16 15:00:00,"Existem cinco frases sobre consórcio que circulam há décadas. Não são maldosas, só desatualizadas — e continuam afastando gente que se beneficiaria.

A quinta é a mais inofensiva. A primeira é a mais cara.

Diz-se que consórcio é para quem não tem dinheiro, e que é preciso esperar até o fim para ser contemplado. Nenhuma das duas resiste a uma conversa de cinco minutos.

Repetimos com segurança o que aprendemos sem conferir.

Diz-se também que não serve para investir, e que a taxa de administração é juro disfarçado. A taxa é conhecida desde o primeiro dia e não cresce com o tempo. Juro cresce.

São coisas diferentes, e a diferença aparece no total pago.

O mito número um é o que mais custa: o de que consórcio é coisa de quem não tem opção. Hoje é uma das ferramentas mais usadas por quem já tem patrimônio.

Informação desatualizada é sempre a mais convincente, porque um dia ela foi verdade.

Se você acreditou em alguma dessas, é porque elas são repetidas por pessoas que você tem razão em ouvir.

Rever uma ideia antiga não é sinal de que você estava errado. É sinal de que continuou prestando atenção.

Gostou? Fez sentido?

Então imagina começar hoje.

Comente SONHO abaixo.

MUDE a história de endividamento da sua família.

#consorcio #casapropria #planejamentofinanceiro #educacaofinanceira #consorcioimobiliario #sairdoaluguel #primeiroimovel #organizacaofinanceira #patrimonio #cartadecredito #multiplic #fortaleza #mitos #informacao",,"https://multicon.vercel.app/carrosseis/Db_XU0Ch7iT/sonho/slide-01.png, https://multicon.vercel.app/carrosseis/Db_XU0Ch7iT/conteudo/slide-02.png, https://multicon.vercel.app/carrosseis/Db_XU0Ch7iT/conteudo/slide-03.png, https://multicon.vercel.app/carrosseis/Db_XU0Ch7iT/conteudo/slide-04.png, https://multicon.vercel.app/carrosseis/Db_XU0Ch7iT/conteudo/slide-05.png, https://multicon.vercel.app/carrosseis/Db_XU0Ch7iT/conteudo/slide-06.png, https://multicon.vercel.app/carrosseis/Db_XU0Ch7iT/sonho/slide-07.png, https://multicon.vercel.app/carrosseis/Db_XU0Ch7iT/sonho/slide-08.png",,,,TRUE,FALSE,consorcio,Produção,"Comente SONHO aqui e eu te mando o material que explica tudo, de graça.",post,post,Cinco frases que afastam gente do plano,TRUE,,,,,,,,,,,,,,,,,,,,,,,,
2026-10-17 15:00:00,"Existe uma confusão comum entre ter uma boa ferramenta e ter um bom resultado. Elas se parecem, e quase nunca chegam juntas.

Consórcio é ferramenta. Patrimônio é consequência.

A gente costuma acreditar que prosperar é questão de ganhar mais. Mas quem administra mal um salário grande costuma administrar mal um salário maior.

Perseguimos o aumento com energia, e a organização com o que sobrar.

Os economistas chamam de taxa de poupança a fração do que entra que você consegue não gastar. É ela, e não a renda, que prevê melhor onde alguém estará em dez anos.

É uma métrica desconfortável justamente porque depende de escolha.

O consórcio age exatamente nessa fração: transforma intenção em compromisso datado, e compromisso datado em bem no seu nome.

A ferramenta não faz o trabalho. Ela torna o trabalho possível de sustentar.

Se você já teve mais dinheiro e mesmo assim não sobrou nada, isso acontece com quase todo mundo em algum momento.

Não é sobre o quanto entra. É sobre o que está organizado para segurar.

Gostou? Fez sentido?

Então imagina a chave na sua mão, sem um centavo de juro no caminho. O que trava a maioria não é falta de dinheiro. É não saber como funciona.

Se quiser entender, comente SONHO abaixo. Eu te mando o material que explica tudo, do começo ao fim, de graça.

MUDE a história de endividamento da sua família.

#consorcio #casapropria #planejamentofinanceiro #educacaofinanceira #consorcioimobiliario #sairdoaluguel #primeiroimovel #organizacaofinanceira #patrimonio #cartadecredito #multiplic #fortaleza #prosperidade #administracao",,"https://multicon.vercel.app/carrosseis/DbcF9B3Bt6T/sonho/slide-01.png, https://multicon.vercel.app/carrosseis/DbcF9B3Bt6T/conteudo/slide-02.png, https://multicon.vercel.app/carrosseis/DbcF9B3Bt6T/conteudo/slide-03.png, https://multicon.vercel.app/carrosseis/DbcF9B3Bt6T/conteudo/slide-04.png, https://multicon.vercel.app/carrosseis/DbcF9B3Bt6T/conteudo/slide-05.png, https://multicon.vercel.app/carrosseis/DbcF9B3Bt6T/conteudo/slide-06.png, https://multicon.vercel.app/carrosseis/DbcF9B3Bt6T/sonho/slide-07.png, https://multicon.vercel.app/carrosseis/DbcF9B3Bt6T/sonho/slide-08.png",,,,TRUE,FALSE,consorcio,Produção,"Comente SONHO aqui e eu te mando o material que explica tudo, de graça.",post,post,A ferramenta não é o resultado,TRUE,,,,,,,,,,,,,,,,,,,,,,,,
2026-10-18 15:00:00,"Aposentadoria imobiliária virou assunto popular, e quase sempre é contada pela parte divertida: comprar imóveis e receber aluguel.

A parte que decide o resultado acontece antes da primeira compra.

Antes de escolher qualquer bem é preciso olhar o que já existe: renda, ativos parados, dívidas, o que está no nome de quem, e quanto disso está rendendo alguma coisa.

Queremos comprar o próximo imóvel, e raramente olhamos o que já está no nosso nome.

No mercado isso se chama análise patrimonial. É um retrato do que você tem antes de decidir para onde ir, mais parecido com um exame do que com uma proposta.

Sem ele, comprar imóvel é escolher no escuro e torcer.

Com o retrato na mão, a estratégia costuma mudar. Às vezes o melhor próximo passo não é comprar: é fazer o que está parado começar a trabalhar.

O consórcio entra aí como instrumento, depois da conta, nunca antes.

Se você comprou imóveis sem esse mapa, isso não significa que errou.

Significa que a próxima decisão pode ser tomada com informação — e essa costuma render mais que a anterior.

Gostou? Fez sentido?

Então imagina a chave na sua mão, sem um centavo de juro no caminho. O que trava a maioria não é falta de dinheiro. É não saber como funciona.

Se quiser entender, comente SONHO abaixo. Eu te mando o material que explica tudo, do começo ao fim, de graça.

MUDE a história de endividamento da sua família.

#consorcio #casapropria #planejamentofinanceiro #educacaofinanceira #consorcioimobiliario #sairdoaluguel #primeiroimovel #organizacaofinanceira #patrimonio #cartadecredito #multiplic #fortaleza #analisepatrimonial #renda",,"https://multicon.vercel.app/carrosseis/DbeW9nDB_Cw/sonho/slide-01.png, https://multicon.vercel.app/carrosseis/DbeW9nDB_Cw/conteudo/slide-02.png, https://multicon.vercel.app/carrosseis/DbeW9nDB_Cw/conteudo/slide-03.png, https://multicon.vercel.app/carrosseis/DbeW9nDB_Cw/conteudo/slide-04.png, https://multicon.vercel.app/carrosseis/DbeW9nDB_Cw/conteudo/slide-05.png, https://multicon.vercel.app/carrosseis/DbeW9nDB_Cw/conteudo/slide-06.png, https://multicon.vercel.app/carrosseis/DbeW9nDB_Cw/sonho/slide-07.png, https://multicon.vercel.app/carrosseis/DbeW9nDB_Cw/sonho/slide-08.png",,,,TRUE,FALSE,consorcio,Produção,"Comente SONHO aqui e eu te mando o material que explica tudo, de graça.",post,post,"Antes de comprar, olhe o mapa",TRUE,,,,,,,,,,,,,,,,,,,,,,,,
2026-10-19 15:00:00,"Quando alguém diz que consórcio demora, quase sempre está dizendo outra coisa: que esperar parece tempo perdido.

Mas esperar e ficar parado nunca foram a mesma coisa.

Durante a espera, alguém está pagando parcelas, organizando o orçamento, decidindo o que quer e aprendendo a sustentar um compromisso longo.

Chamamos de demora o período em que estávamos, na verdade, nos preparando.

Existe uma expressão para isso na psicologia: espera ativa. Não é suportar o tempo passar, é usar o tempo enquanto ele passa.

Quem espera assim chega diferente de quem simplesmente chegou.

Na prática, a pessoa contemplada no terceiro ano não é a mesma que assinou no primeiro. Ela já provou a si mesma que consegue manter um plano.

E é isso que costuma decidir o que acontece depois da contemplação.

Se você sente que está demorando, talvez esteja no meio do preparo.

Ninguém chega atrasado a um lugar que só existe depois do caminho.

Gostou? Fez sentido?

Então imagina a chave na sua mão, sem um centavo de juro no caminho. O que trava a maioria não é falta de dinheiro. É não saber como funciona.

Se quiser entender, comente SONHO abaixo. Eu te mando o material que explica tudo, do começo ao fim, de graça.

MUDE a história de endividamento da sua família.

#consorcio #casapropria #planejamentofinanceiro #educacaofinanceira #consorcioimobiliario #sairdoaluguel #primeiroimovel #organizacaofinanceira #patrimonio #cartadecredito #multiplic #fortaleza #fe #constancia",,"https://multicon.vercel.app/carrosseis/DbzBwNmBwHr/sonho/slide-01.png, https://multicon.vercel.app/carrosseis/DbzBwNmBwHr/conteudo/slide-02.png, https://multicon.vercel.app/carrosseis/DbzBwNmBwHr/conteudo/slide-03.png, https://multicon.vercel.app/carrosseis/DbzBwNmBwHr/conteudo/slide-04.png, https://multicon.vercel.app/carrosseis/DbzBwNmBwHr/conteudo/slide-05.png, https://multicon.vercel.app/carrosseis/DbzBwNmBwHr/conteudo/slide-06.png, https://multicon.vercel.app/carrosseis/DbzBwNmBwHr/sonho/slide-07.png, https://multicon.vercel.app/carrosseis/DbzBwNmBwHr/sonho/slide-08.png",,,,TRUE,FALSE,consorcio,Produção,"Comente SONHO aqui e eu te mando o material que explica tudo, de graça.",post,post,Esperar não é cruzar os braços,TRUE,,,,,,,,,,,,,,,,,,,,,,,,
2026-10-20 15:00:00,"Vender uma carta contemplada é possível, e a maior parte das pessoas descobre isso tarde demais para aproveitar bem.

Porque o valor da operação depende de quando ela acontece.

Nos primeiros anos do grupo, uma carta contemplada costuma ser muito procurada, e o ágio pode ficar em faixas relevantes. Mais adiante, o interesse muda.

Guardamos o ativo o tempo todo, e ele valia mais no meio do caminho.

No mercado se fala em janela de liquidez: o período em que existe mais gente querendo comprar do que vender.

Ela abre quando o juro do financiamento sobe e quem tem pressa procura alternativa.

Isso não quer dizer que se deva vender. Quer dizer que a decisão tem hora, e que a hora não é sempre a mesma.

Quem sabe disso escolhe. Quem não sabe descobre depois que a janela fechou.

Se você tem uma carta e nunca pensou nesse cenário, não há nada perdido.

Janelas de liquidez abrem mais de uma vez — e agora você sabe reconhecer a próxima.

Gostou? Fez sentido?

Então imagina começar hoje.

Comente SONHO abaixo.

MUDE a história de endividamento da sua família.

#consorcio #casapropria #planejamentofinanceiro #educacaofinanceira #consorcioimobiliario #sairdoaluguel #primeiroimovel #organizacaofinanceira #patrimonio #cartadecredito #multiplic #fortaleza #agio #liquidez",,"https://multicon.vercel.app/carrosseis/Dc-2Q9thZ2i/sonho/slide-01.png, https://multicon.vercel.app/carrosseis/Dc-2Q9thZ2i/conteudo/slide-02.png, https://multicon.vercel.app/carrosseis/Dc-2Q9thZ2i/conteudo/slide-03.png, https://multicon.vercel.app/carrosseis/Dc-2Q9thZ2i/conteudo/slide-04.png, https://multicon.vercel.app/carrosseis/Dc-2Q9thZ2i/conteudo/slide-05.png, https://multicon.vercel.app/carrosseis/Dc-2Q9thZ2i/conteudo/slide-06.png, https://multicon.vercel.app/carrosseis/Dc-2Q9thZ2i/sonho/slide-07.png, https://multicon.vercel.app/carrosseis/Dc-2Q9thZ2i/sonho/slide-08.png",,,,TRUE,FALSE,consorcio,Produção,"Comente SONHO aqui e eu te mando o material que explica tudo, de graça.",post,post,Existe uma janela para vender,TRUE,,,,,,,,,,,,,,,,,,,,,,,,
2026-10-21 15:00:00,"Existe a ideia de que consórcio é para quem não tem como pagar à vista. Ela explica mal o que acontece na prática.

Boa parte de quem usa consórcio hoje tem, sim, o dinheiro.

Quem investe evita tirar capital de onde ele está rendendo. Pagar um imóvel à vista significa desmontar uma posição que levava anos trabalhando.

Achamos que ter dinheiro é motivo para não parcelar, e é o contrário no mundo de quem investe.

O termo é descapitalização: reduzir o capital produtivo para adquirir um bem. Não é errado, mas é escolha com custo — e o custo é o que aquele capital produziria.

Por isso investidor compara antes, sempre.

O consórcio permite adquirir o bem mantendo o capital investido. Usa-se parte como lance, o resto continua rendendo, e o rendimento ajuda a pagar a parcela.

O bem entra no patrimônio sem que o resto saia.

Se você achava que essa ferramenta não era para o seu caso, isso foi o que te contaram.

Ela nunca foi sobre falta de dinheiro. É sobre onde o dinheiro fica enquanto o bem chega.

Gostou? Fez sentido?

Então imagina a chave na sua mão, sem um centavo de juro no caminho. O que trava a maioria não é falta de dinheiro. É não saber como funciona.

Se quiser entender, comente SONHO abaixo. Eu te mando o material que explica tudo, do começo ao fim, de graça.

MUDE a história de endividamento da sua família.

#consorcio #casapropria #planejamentofinanceiro #educacaofinanceira #consorcioimobiliario #sairdoaluguel #primeiroimovel #organizacaofinanceira #patrimonio #cartadecredito #multiplic #fortaleza #investidor #capital",,"https://multicon.vercel.app/carrosseis/Dc3HzFiBauU/sonho/slide-01.png, https://multicon.vercel.app/carrosseis/Dc3HzFiBauU/conteudo/slide-02.png, https://multicon.vercel.app/carrosseis/Dc3HzFiBauU/conteudo/slide-03.png, https://multicon.vercel.app/carrosseis/Dc3HzFiBauU/conteudo/slide-04.png, https://multicon.vercel.app/carrosseis/Dc3HzFiBauU/conteudo/slide-05.png, https://multicon.vercel.app/carrosseis/Dc3HzFiBauU/conteudo/slide-06.png, https://multicon.vercel.app/carrosseis/Dc3HzFiBauU/sonho/slide-07.png, https://multicon.vercel.app/carrosseis/Dc3HzFiBauU/sonho/slide-08.png",,,,TRUE,FALSE,consorcio,Produção,"Comente SONHO aqui e eu te mando o material que explica tudo, de graça.",post,post,Quem tem dinheiro também usa,TRUE,,,,,,,,,,,,,,,,,,,,,,,,
2026-10-22 15:00:00,"Financiamento e consórcio levam ao mesmo lugar por caminhos diferentes. A escolha entre eles quase nunca é sobre qual é melhor.

É sobre quanto tempo você tem.

O financiamento entrega o imóvel agora. Em troca pede entrada, compromete parte da renda por décadas e cobra juros sobre todo o período.

Recebemos a chave primeiro, e pagamos por ela nos vinte anos seguintes.

O consórcio entrega depois. Em troca não pede entrada, não cobra juro, e cobra uma taxa de administração conhecida desde o começo.

A palavra que separa os dois é simples: pressa. No financiamento, ela é o produto sendo comprado.

Para quem precisa do imóvel este mês, o financiamento resolve, e resolver tem valor. Para quem tem horizonte de alguns anos, pagar por uma pressa que não existe é desperdício.

A pergunta não é qual é melhor. É se você precisa mesmo da chave hoje.

Se você financiou no passado, provavelmente precisava — quase todo mundo precisa em algum momento.

O que muda daqui pra frente é poder escolher com as duas portas visíveis.

Gostou? Fez sentido?

Então imagina a chave na sua mão, sem um centavo de juro no caminho. O que trava a maioria não é falta de dinheiro. É não saber como funciona.

Se quiser entender, comente SONHO abaixo. Eu te mando o material que explica tudo, do começo ao fim, de graça.

MUDE a história de endividamento da sua família.

#consorcio #casapropria #planejamentofinanceiro #educacaofinanceira #consorcioimobiliario #sairdoaluguel #primeiroimovel #organizacaofinanceira #patrimonio #cartadecredito #multiplic #fortaleza #financiamento #comparacao",,"https://multicon.vercel.app/carrosseis/Dc8fKVJBiWz/sonho/slide-01.png, https://multicon.vercel.app/carrosseis/Dc8fKVJBiWz/conteudo/slide-02.png, https://multicon.vercel.app/carrosseis/Dc8fKVJBiWz/conteudo/slide-03.png, https://multicon.vercel.app/carrosseis/Dc8fKVJBiWz/conteudo/slide-04.png, https://multicon.vercel.app/carrosseis/Dc8fKVJBiWz/conteudo/slide-05.png, https://multicon.vercel.app/carrosseis/Dc8fKVJBiWz/conteudo/slide-06.png, https://multicon.vercel.app/carrosseis/Dc8fKVJBiWz/sonho/slide-07.png, https://multicon.vercel.app/carrosseis/Dc8fKVJBiWz/sonho/slide-08.png",,,,TRUE,FALSE,consorcio,Produção,"Comente SONHO aqui e eu te mando o material que explica tudo, de graça.",post,post,Duas portas para o mesmo imóvel,TRUE,,,,,,,,,,,,,,,,,,,,,,,,
2026-10-23 15:00:00,"Muita gente descarta consórcio dizendo que é caro, sem nunca ter visto uma simulação. É uma conclusão que se forma antes do número.

E o número costuma surpreender.

Uma carta de imóvel de setenta mil reais, com parcela reduzida, cabe na casa dos duzentos e cinquenta reais por mês. Uma de cento e quarenta mil, em torno de quinhentos.

Gastamos isso num jantar sem pensar, e achamos impossível quando vira patrimônio.

Existe um efeito conhecido em finanças pessoais: subestimamos gastos pequenos e recorrentes, e superestimamos compromissos grandes e visíveis.

É por isso que assinatura mensal passa despercebida e parcela de consórcio assusta.

A questão, então, deixa de ser se cabe no orçamento. Passa a ser o que esse valor está fazendo hoje, e se o destino atual dele leva a algum lugar.

Duzentos e cinquenta reais indo para lugar nenhum também são duzentos e cinquenta reais.

Se você nunca pediu uma simulação por achar que não valeria a pena, isso é razoável.

O que costuma estar caro não é a parcela. É o tempo que se passa achando que ela é impossível.

Gostou? Fez sentido?

Então imagina a chave na sua mão, sem um centavo de juro no caminho. O que trava a maioria não é falta de dinheiro. É não saber como funciona.

Se quiser entender, comente SONHO abaixo. Eu te mando o material que explica tudo, do começo ao fim, de graça.

MUDE a história de endividamento da sua família.

#consorcio #casapropria #planejamentofinanceiro #educacaofinanceira #consorcioimobiliario #sairdoaluguel #primeiroimovel #organizacaofinanceira #patrimonio #cartadecredito #multiplic #fortaleza #parcela #simulacao",,"https://multicon.vercel.app/carrosseis/DcEPVWkh3kw/sonho/slide-01.png, https://multicon.vercel.app/carrosseis/DcEPVWkh3kw/conteudo/slide-02.png, https://multicon.vercel.app/carrosseis/DcEPVWkh3kw/conteudo/slide-03.png, https://multicon.vercel.app/carrosseis/DcEPVWkh3kw/conteudo/slide-04.png, https://multicon.vercel.app/carrosseis/DcEPVWkh3kw/conteudo/slide-05.png, https://multicon.vercel.app/carrosseis/DcEPVWkh3kw/conteudo/slide-06.png, https://multicon.vercel.app/carrosseis/DcEPVWkh3kw/sonho/slide-07.png, https://multicon.vercel.app/carrosseis/DcEPVWkh3kw/sonho/slide-08.png",,,,TRUE,FALSE,consorcio,Produção,"Comente SONHO aqui e eu te mando o material que explica tudo, de graça.",post,post,Duzentos e cinquenta por mês,TRUE,,,,,,,,,,,,,,,,,,,,,,,,
2026-10-24 15:00:00,"Perguntei a um cliente em que ele investia. Ele respondeu, com bom humor, que investia em lembranças.

Era uma piada, e era uma descrição precisa.

Viajar, viver, criar memória: nada disso é desperdício, e uma vida sem isso não compensa nenhuma planilha. O problema aparece quando é a única coisa que existe.

Construímos lembranças com generosidade, e patrimônio com o que sobrar — e nunca sobra.

Os economistas comportamentais falam em viés do presente: damos peso maior ao prazer de agora do que ao benefício de depois, mesmo sabendo qual é maior.

Não é falha moral. É como a cabeça humana funciona por padrão.

O consórcio funciona justamente contra esse viés. Ele é um boleto — e boleto a gente paga, mesmo nos meses em que não daria vontade de guardar.

O compromisso externo faz o que a boa intenção não faz sozinha.

Se a sua vida está cheia de lembranças e vazia de reserva, você não escolheu errado.

Só faltava alguém colocar a segunda coisa num formato tão automático quanto a primeira.

Gostou? Fez sentido?

Então imagina começar hoje.

Comente SONHO abaixo.

MUDE a história de endividamento da sua família.

#consorcio #casapropria #planejamentofinanceiro #educacaofinanceira #consorcioimobiliario #sairdoaluguel #primeiroimovel #organizacaofinanceira #patrimonio #cartadecredito #multiplic #fortaleza #disciplina #comportamento",,"https://multicon.vercel.app/carrosseis/DcL4tXzBPbL/sonho/slide-01.png, https://multicon.vercel.app/carrosseis/DcL4tXzBPbL/conteudo/slide-02.png, https://multicon.vercel.app/carrosseis/DcL4tXzBPbL/conteudo/slide-03.png, https://multicon.vercel.app/carrosseis/DcL4tXzBPbL/conteudo/slide-04.png, https://multicon.vercel.app/carrosseis/DcL4tXzBPbL/conteudo/slide-05.png, https://multicon.vercel.app/carrosseis/DcL4tXzBPbL/conteudo/slide-06.png, https://multicon.vercel.app/carrosseis/DcL4tXzBPbL/sonho/slide-07.png, https://multicon.vercel.app/carrosseis/DcL4tXzBPbL/sonho/slide-08.png",,,,TRUE,FALSE,consorcio,Produção,"Comente SONHO aqui e eu te mando o material que explica tudo, de graça.",post,post,Tem gente que investe em lembranças,TRUE,,,,,,,,,,,,,,,,,,,,,,,,
2026-10-25 15:00:00,"Talvez você não vá comprar um imóvel este ano. Talvez nem no próximo. Mas em algum momento da vida, quase todo mundo quer.

Casar, ter filho, sair do aluguel, montar um negócio: a lista é previsível.

Se a vontade é previsível, o preparo deveria ser também. Mas quase sempre ele só começa quando a necessidade já chegou, e aí o custo é outro.

Sabemos o que vamos querer, e nos organizamos como se fosse surpresa.

Existe um conceito simples aqui: previsibilidade de demanda. Empresas planejam estoque com base no que sabem que será pedido. Pessoas raramente fazem o mesmo com a própria vida.

E o que se sabe que vem não deveria custar preço de emergência.

Começar um consórcio hoje é estocar a decisão de amanhã. Quando a vontade chegar, o crédito já está construído e o juro do momento não importa.

O bem é escolhido depois. O preparo é o que vem antes.

Se você ainda não sabe qual imóvel quer, isso não impede nada.

O preparo nunca dependeu de saber o endereço. Só de saber que um dia você vai querer um.

Gostou? Fez sentido?

Então imagina a chave na sua mão, sem um centavo de juro no caminho. O que trava a maioria não é falta de dinheiro. É não saber como funciona.

Se quiser entender, comente SONHO abaixo. Eu te mando o material que explica tudo, do começo ao fim, de graça.

MUDE a história de endividamento da sua família.

#consorcio #casapropria #planejamentofinanceiro #educacaofinanceira #consorcioimobiliario #sairdoaluguel #primeiroimovel #organizacaofinanceira #patrimonio #cartadecredito #multiplic #fortaleza #preparacao #primeiroimovel",,"https://multicon.vercel.app/carrosseis/DcOfwa3hXL_/sonho/slide-01.png, https://multicon.vercel.app/carrosseis/DcOfwa3hXL_/conteudo/slide-02.png, https://multicon.vercel.app/carrosseis/DcOfwa3hXL_/conteudo/slide-03.png, https://multicon.vercel.app/carrosseis/DcOfwa3hXL_/conteudo/slide-04.png, https://multicon.vercel.app/carrosseis/DcOfwa3hXL_/conteudo/slide-05.png, https://multicon.vercel.app/carrosseis/DcOfwa3hXL_/conteudo/slide-06.png, https://multicon.vercel.app/carrosseis/DcOfwa3hXL_/sonho/slide-07.png, https://multicon.vercel.app/carrosseis/DcOfwa3hXL_/sonho/slide-08.png",,,,TRUE,FALSE,consorcio,Produção,"Comente SONHO aqui e eu te mando o material que explica tudo, de graça.",post,post,Você vai querer um imóvel,TRUE,,,,,,,,,,,,,,,,,,,,,,,,
2026-10-26 15:00:00,"Algumas frases parecem inofensivas e custam anos de patrimônio. São repetidas com carinho, por pessoas próximas, sem nenhuma má intenção.

É exatamente por isso que funcionam.

Consórcio é para quem não consegue financiar. Seguro de vida é para quem tem filhos. Planejamento é coisa de quem ganha muito.

Guardamos conselhos pela confiança em quem falou, não pela verificação do que foi dito.

Existe um nome para isso: heurística da autoridade. A gente aceita uma informação pelo vínculo com a fonte, e não pelo conteúdo dela.

É um atalho útil na maioria das situações, e caro nas decisões grandes.

Cada uma dessas frases já foi verdadeira em algum contexto e envelheceu mal. O mercado mudou, os produtos mudaram, o conselho ficou.

Rever é mais barato que refazer.

Se você organizou parte da sua vida em cima de alguma delas, isso não foi descuido.

Foi confiança em quem te quer bem — e conferir agora não tira nada dessa confiança.

Gostou? Fez sentido?

Então imagina a chave na sua mão, sem um centavo de juro no caminho. O que trava a maioria não é falta de dinheiro. É não saber como funciona.

Se quiser entender, comente SONHO abaixo. Eu te mando o material que explica tudo, do começo ao fim, de graça.

MUDE a história de endividamento da sua família.

#consorcio #casapropria #planejamentofinanceiro #educacaofinanceira #consorcioimobiliario #sairdoaluguel #primeiroimovel #organizacaofinanceira #patrimonio #cartadecredito #multiplic #fortaleza #mitos #conselhos",,"https://multicon.vercel.app/carrosseis/DcPQVmZB8R6/sonho/slide-01.png, https://multicon.vercel.app/carrosseis/DcPQVmZB8R6/conteudo/slide-02.png, https://multicon.vercel.app/carrosseis/DcPQVmZB8R6/conteudo/slide-03.png, https://multicon.vercel.app/carrosseis/DcPQVmZB8R6/conteudo/slide-04.png, https://multicon.vercel.app/carrosseis/DcPQVmZB8R6/conteudo/slide-05.png, https://multicon.vercel.app/carrosseis/DcPQVmZB8R6/conteudo/slide-06.png, https://multicon.vercel.app/carrosseis/DcPQVmZB8R6/sonho/slide-07.png, https://multicon.vercel.app/carrosseis/DcPQVmZB8R6/sonho/slide-08.png",,,,TRUE,FALSE,consorcio,Produção,"Comente SONHO aqui e eu te mando o material que explica tudo, de graça.",post,post,Frases que custam anos,TRUE,,,,,,,,,,,,,,,,,,,,,,,,
2026-10-27 15:00:00,"Existe um tipo de regra que muda o comportamento de um grupo inteiro: aquela que transforma uma obrigação em vantagem.

No consórcio ela tem nome: lance fidelidade.

Funciona assim: depois de doze parcelas consecutivas pagas em dia, o participante passa a concorrer num sorteio separado, disputado só por quem também está em dia.

Achamos que pagar certo é apenas evitar problema, e às vezes é ganhar posição.

E há um detalhe que muda a conta: o lance de vinte por cento pode sair de dentro da própria carta, sem dinheiro novo saindo do bolso.

No vocabulário do setor isso se chama lance embutido.

O efeito prático é que a constância vira estratégia. Quem mantém o boleto em dia não está só cumprindo contrato: está aumentando as próprias chances.

É o raro caso em que o comportamento chato é também o mais rentável.

Se você tem um consórcio e nunca ouviu falar disso, vale perguntar se o seu grupo é elegível.

Regras assim não costumam ser divulgadas com a mesma energia com que o produto é vendido.

Gostou? Fez sentido?

Então imagina a chave na sua mão, sem um centavo de juro no caminho. O que trava a maioria não é falta de dinheiro. É não saber como funciona.

Se quiser entender, comente SONHO abaixo. Eu te mando o material que explica tudo, do começo ao fim, de graça.

MUDE a história de endividamento da sua família.

#consorcio #casapropria #planejamentofinanceiro #educacaofinanceira #consorcioimobiliario #sairdoaluguel #primeiroimovel #organizacaofinanceira #patrimonio #cartadecredito #multiplic #fortaleza #lancefidelidade #porto",,"https://multicon.vercel.app/carrosseis/DcV2vmnhwOG/sonho/slide-01.png, https://multicon.vercel.app/carrosseis/DcV2vmnhwOG/conteudo/slide-02.png, https://multicon.vercel.app/carrosseis/DcV2vmnhwOG/conteudo/slide-03.png, https://multicon.vercel.app/carrosseis/DcV2vmnhwOG/conteudo/slide-04.png, https://multicon.vercel.app/carrosseis/DcV2vmnhwOG/conteudo/slide-05.png, https://multicon.vercel.app/carrosseis/DcV2vmnhwOG/conteudo/slide-06.png, https://multicon.vercel.app/carrosseis/DcV2vmnhwOG/sonho/slide-07.png, https://multicon.vercel.app/carrosseis/DcV2vmnhwOG/sonho/slide-08.png",,,,TRUE,FALSE,consorcio,Produção,"Comente SONHO aqui e eu te mando o material que explica tudo, de graça.",post,post,Pagar em dia virou uma vantagem,TRUE,,,,,,,,,,,,,,,,,,,,,,,,
2026-10-28 15:00:00,"A sequência mais comum é esta: procurar o imóvel, se apaixonar por um, e só então pensar em como pagar.

É a ordem natural do desejo, e a pior ordem possível para a conta.

Quem chega na negociação sem estrutura financeira aceita o que aparecer: o prazo do vendedor, o juro do banco, o valor daquele momento.

Escolhemos o bem com calma, e o financiamento correndo.

Em negociação existe uma ideia central: quem tem alternativa define o ritmo. Estrutura financeira pronta é exatamente isso, alternativa.

Sem ela, você não está escolhendo. Está aceitando.

Inverter a ordem significa montar o crédito antes de saber qual será o imóvel. Quando ele aparecer, e ele aparece, você compra sem decidir correndo.

É o que separa quem aproveita uma oportunidade de quem só assiste a ela passar.

Se você sempre fez na ordem contrária, é porque é assim que quase todo mundo faz.

A ordem inversa não é mais difícil. Só é menos intuitiva — e é a que economiza dinheiro.

Gostou? Fez sentido?

Então imagina começar hoje.

Comente SONHO abaixo.

MUDE a história de endividamento da sua família.

#consorcio #casapropria #planejamentofinanceiro #educacaofinanceira #consorcioimobiliario #sairdoaluguel #primeiroimovel #organizacaofinanceira #patrimonio #cartadecredito #multiplic #fortaleza #planejamento #negociacao",,"https://multicon.vercel.app/carrosseis/DcYriKZhiT2/sonho/slide-01.png, https://multicon.vercel.app/carrosseis/DcYriKZhiT2/conteudo/slide-02.png, https://multicon.vercel.app/carrosseis/DcYriKZhiT2/conteudo/slide-03.png, https://multicon.vercel.app/carrosseis/DcYriKZhiT2/conteudo/slide-04.png, https://multicon.vercel.app/carrosseis/DcYriKZhiT2/conteudo/slide-05.png, https://multicon.vercel.app/carrosseis/DcYriKZhiT2/conteudo/slide-06.png, https://multicon.vercel.app/carrosseis/DcYriKZhiT2/sonho/slide-07.png, https://multicon.vercel.app/carrosseis/DcYriKZhiT2/sonho/slide-08.png",,,,TRUE,FALSE,consorcio,Produção,"Comente SONHO aqui e eu te mando o material que explica tudo, de graça.",post,post,"Primeiro o dinheiro, depois o bem",TRUE,,,,,,,,,,,,,,,,,,,,,,,,
2026-10-29 15:00:00,"Comparações abstratas convencem pouco. Então vale colocar dois caminhos lado a lado, para o mesmo imóvel de quinhentos mil reais.

Os números dizem o que o argumento não consegue.

No financiamento há entrada de cem mil, juro em torno de doze por cento ao ano, parcela na casa de dois mil e oitocentos, por trinta anos.

Entramos com um patrimônio na entrada, e passamos três décadas pagando o resto.

No consórcio não há entrada. Há taxa de administração de cerca de vinte por cento por todo o período, algo próximo de um ponto e pouco ao ano numa média simples.

É a diferença entre uma taxa que incide sobre o tempo e uma que não incide.

A parcela com redução até a contemplação fica perto de mil e setecentos, e o prazo é aproximadamente metade. O bem é exatamente o mesmo.

O que muda é quanto dele você entrega a quem intermediou.

Se você já assinou um financiamento, não foi erro de conta: foi a única porta que te mostraram na hora.

Números assim não servem para lamentar o passado. Servem para a próxima decisão.

Gostou? Fez sentido?

Então imagina a chave na sua mão, sem um centavo de juro no caminho. O que trava a maioria não é falta de dinheiro. É não saber como funciona.

Se quiser entender, comente SONHO abaixo. Eu te mando o material que explica tudo, do começo ao fim, de graça.

MUDE a história de endividamento da sua família.

#consorcio #casapropria #planejamentofinanceiro #educacaofinanceira #consorcioimobiliario #sairdoaluguel #primeiroimovel #organizacaofinanceira #patrimonio #cartadecredito #multiplic #fortaleza #numeros #financiamento",,"https://multicon.vercel.app/carrosseis/DccBvcRBrfG/sonho/slide-01.png, https://multicon.vercel.app/carrosseis/DccBvcRBrfG/conteudo/slide-02.png, https://multicon.vercel.app/carrosseis/DccBvcRBrfG/conteudo/slide-03.png, https://multicon.vercel.app/carrosseis/DccBvcRBrfG/conteudo/slide-04.png, https://multicon.vercel.app/carrosseis/DccBvcRBrfG/conteudo/slide-05.png, https://multicon.vercel.app/carrosseis/DccBvcRBrfG/conteudo/slide-06.png, https://multicon.vercel.app/carrosseis/DccBvcRBrfG/sonho/slide-07.png, https://multicon.vercel.app/carrosseis/DccBvcRBrfG/sonho/slide-08.png",,,,TRUE,FALSE,consorcio,Produção,"Comente SONHO aqui e eu te mando o material que explica tudo, de graça.",post,post,"A mesma casa, dois preços diferentes",TRUE,,,,,,,,,,,,,,,,,,,,,,,,
2026-10-30 15:00:00,"Consórcio de imóvel e consórcio de veículo parecem variações do mesmo produto. Não são: são dois contratos com destinos diferentes.

E o destino se define na assinatura, não na contemplação.

Uma carta de imóvel serve para casa, terreno, sala comercial, reforma. Uma carta de veículo serve para veículo. Quem escolheu errado descobre no pior momento: quando a carta chega.

Comparamos com cuidado o valor da parcela, e quase nunca o que a carta pode comprar.

Existe um princípio simples de decisão: comece pelo objetivo, não pela restrição. O quanto cabe por mês entra depois, para ajustar o tamanho, nunca para definir o tipo.

Trocar a ordem disso custa anos.

Na prática, a pergunta certa é o que você pretende ter daqui a alguns anos. Só então se pergunta quanto cabe no orçamento, e se ajusta o valor da carta.

O valor é flexível. O tipo não é.

Se você já tem um consórcio do tipo que não atende ao seu objetivo, ainda existem caminhos.

Vale conversar antes da contemplação — depois dela, as opções ficam bem menores.

Gostou? Fez sentido?

Então imagina a chave na sua mão, sem um centavo de juro no caminho. O que trava a maioria não é falta de dinheiro. É não saber como funciona.

Se quiser entender, comente SONHO abaixo. Eu te mando o material que explica tudo, do começo ao fim, de graça.

MUDE a história de endividamento da sua família.

#consorcio #casapropria #planejamentofinanceiro #educacaofinanceira #consorcioimobiliario #sairdoaluguel #primeiroimovel #organizacaofinanceira #patrimonio #cartadecredito #multiplic #fortaleza #objetivo #contratacao",,"https://multicon.vercel.app/carrosseis/Dcd6MZeBuub/sonho/slide-01.png, https://multicon.vercel.app/carrosseis/Dcd6MZeBuub/conteudo/slide-02.png, https://multicon.vercel.app/carrosseis/Dcd6MZeBuub/conteudo/slide-03.png, https://multicon.vercel.app/carrosseis/Dcd6MZeBuub/conteudo/slide-04.png, https://multicon.vercel.app/carrosseis/Dcd6MZeBuub/conteudo/slide-05.png, https://multicon.vercel.app/carrosseis/Dcd6MZeBuub/conteudo/slide-06.png, https://multicon.vercel.app/carrosseis/Dcd6MZeBuub/sonho/slide-07.png, https://multicon.vercel.app/carrosseis/Dcd6MZeBuub/sonho/slide-08.png",,,,TRUE,FALSE,consorcio,Produção,"Comente SONHO aqui e eu te mando o material que explica tudo, de graça.",post,post,A parcela não decide o que você compra,TRUE,,,,,,,,,,,,,,,,,,,,,,,,
2026-10-31 15:00:00,"Existe uma operação que parece complicada de longe e é simples de perto. Ela usa o mesmo dinheiro para duas coisas ao mesmo tempo.

Vale acompanhar devagar.

Uma carta de um milhão é contemplada. Em vez de gastar o valor de imediato, ele vai para uma aplicação de renda fixa, rendendo todo mês.

Achamos que dinheiro só serve depois de gasto, e ele rende justamente enquanto espera.

O rendimento dessa aplicação paga a parcela do próprio consórcio. O que sobra é reaplicado, e o montante segue crescendo sozinho.

Em finanças isso se chama carrego: quando o ativo cobre o custo de mantê-lo.

No fim do período, a pessoa tem o valor da carta, o patrimônio original intacto, e pagou as parcelas sem tirar dinheiro do bolso.

Não é truque. É o resultado de não ter deixado o dinheiro parado.

Se isso parece coisa de quem tem muito, o mecanismo é o mesmo em qualquer escala.

O que muda é o tamanho dos números — e nunca foi o tamanho deles que decidiu quem entende a lógica.

Gostou? Fez sentido?

Então imagina a chave na sua mão, sem um centavo de juro no caminho. O que trava a maioria não é falta de dinheiro. É não saber como funciona.

Se quiser entender, comente SONHO abaixo. Eu te mando o material que explica tudo, do começo ao fim, de graça.

MUDE a história de endividamento da sua família.

#consorcio #casapropria #planejamentofinanceiro #educacaofinanceira #consorcioimobiliario #sairdoaluguel #primeiroimovel #organizacaofinanceira #patrimonio #cartadecredito #multiplic #fortaleza #alavancagem #rendafixa",,"https://multicon.vercel.app/carrosseis/DceO1T5BtuK/sonho/slide-01.png, https://multicon.vercel.app/carrosseis/DceO1T5BtuK/conteudo/slide-02.png, https://multicon.vercel.app/carrosseis/DceO1T5BtuK/conteudo/slide-03.png, https://multicon.vercel.app/carrosseis/DceO1T5BtuK/conteudo/slide-04.png, https://multicon.vercel.app/carrosseis/DceO1T5BtuK/conteudo/slide-05.png, https://multicon.vercel.app/carrosseis/DceO1T5BtuK/conteudo/slide-06.png, https://multicon.vercel.app/carrosseis/DceO1T5BtuK/sonho/slide-07.png, https://multicon.vercel.app/carrosseis/DceO1T5BtuK/sonho/slide-08.png",,,,TRUE,FALSE,consorcio,Produção,"Comente SONHO aqui e eu te mando o material que explica tudo, de graça.",post,post,O rendimento paga a parcela,TRUE,,,,,,,,,,,,,,,,,,,,,,,,
2026-11-01 15:00:00,"Existe uma conta que quase todos nós fazemos de cabeça, e quase sempre erramos: a de que é preciso ter o valor inteiro de um bem antes de poder pensar nele.

Ela parece prudente. E é por parecer prudente que ninguém a questiona.

O que acontece na prática costuma ser o contrário do que a intuição promete. Enquanto juntamos, o bem sobe. Enquanto esperamos estar prontos, o tempo que sobra encolhe.

Desejamos muito, e adiamos quase tudo.

Os economistas têm um nome para os arranjos que a gente cria hoje só para proteger uma decisão de amanhã: dispositivo de compromisso.

É um acordo que assinamos com a pessoa que ainda vamos ser, porque desconfiamos, com razão, da nossa própria disciplina.

O consórcio é um desses arranjos. Uma parcela que chega todo mês e faz, sem depender do nosso humor naquela semana, aquilo que a boa intenção sozinha raramente sustenta.

Separar dinheiro para uma coisa só.

Quinhentos mil deixa de ser um muro e passa a ser um caminho, que se percorre em parcelas, com data e com nome.

Não é sobre ter o dinheiro todo. É sobre parar de precisar dele para começar.

E se você ainda não começou, não é que tenha ficado para trás.

É que ninguém tinha te dito que o começo nunca exigiu o valor inteiro.

Gostou? Fez sentido?

Então imagina começar hoje.

Comente SONHO abaixo.

MUDE a história de endividamento da sua família.

#consorcio #casapropria #planejamentofinanceiro #educacaofinanceira #consorcioimobiliario #sairdoaluguel #primeiroimovel #organizacaofinanceira #patrimonio #cartadecredito #multiplic #fortaleza #investimento #consorciodeimovel #realizarsonhos",,"https://multicon.vercel.app/carrosseis/DcgfD-ih6kL/sonho/slide-01.png, https://multicon.vercel.app/carrosseis/DcgfD-ih6kL/conteudo/slide-02.png, https://multicon.vercel.app/carrosseis/DcgfD-ih6kL/conteudo/slide-03.png, https://multicon.vercel.app/carrosseis/DcgfD-ih6kL/conteudo/slide-04.png, https://multicon.vercel.app/carrosseis/DcgfD-ih6kL/conteudo/slide-05.png, https://multicon.vercel.app/carrosseis/DcgfD-ih6kL/conteudo/slide-06.png, https://multicon.vercel.app/carrosseis/DcgfD-ih6kL/conteudo/slide-07.png, https://multicon.vercel.app/carrosseis/DcgfD-ih6kL/sonho/slide-08.png, https://multicon.vercel.app/carrosseis/DcgfD-ih6kL/sonho/slide-09.png",,,,TRUE,FALSE,consorcio,Produção,"Comente SONHO aqui e eu te mando o material que explica tudo, de graça.",post,post,Ninguém junta tudo antes de começar,TRUE,,,,,,,,,,,,,,,,,,,,,,,,
2026-11-02 15:00:00,"Ela chegou depois de um evento, com uma pergunta específica. Tinha um imóvel avaliado em cerca de um milhão de reais, quitado, no próprio nome.

Um patrimônio grande, e parado.

Um bem quitado dá segurança e não produz nada. Valoriza devagar, cobra imposto, e não gera um real por mês enquanto ninguém faz nada com ele.

Trabalhamos anos para conquistar um bem, e ele passa a década seguinte descansando.

No vocabulário do setor, chama-se ativo improdutivo: tem valor de mercado e não tem fluxo. É o tipo de coisa que só aparece quando alguém para para olhar.

E quase ninguém para.

A estratégia que ela montou usa o imóvel como base de um consórcio, transforma o valor parado em crédito, e coloca esse crédito para render.

O imóvel continua sendo dela. O que mudou foi o que ele faz enquanto isso.

Se você tem um bem quitado e nunca pensou nisso, é o caso da maioria das pessoas.

Ter patrimônio parado não é erro. Costuma ser só a etapa antes de descobrir que ele podia estar trabalhando.

Gostou? Fez sentido?

Então imagina a chave na sua mão, sem um centavo de juro no caminho. O que trava a maioria não é falta de dinheiro. É não saber como funciona.

Se quiser entender, comente SONHO abaixo. Eu te mando o material que explica tudo, do começo ao fim, de graça.

MUDE a história de endividamento da sua família.

#consorcio #casapropria #planejamentofinanceiro #educacaofinanceira #consorcioimobiliario #sairdoaluguel #primeiroimovel #organizacaofinanceira #patrimonio #cartadecredito #multiplic #fortaleza #casoreal #alavancagem",,"https://multicon.vercel.app/carrosseis/Dci2CVFB3n9/sonho/slide-01.png, https://multicon.vercel.app/carrosseis/Dci2CVFB3n9/conteudo/slide-02.png, https://multicon.vercel.app/carrosseis/Dci2CVFB3n9/conteudo/slide-03.png, https://multicon.vercel.app/carrosseis/Dci2CVFB3n9/conteudo/slide-04.png, https://multicon.vercel.app/carrosseis/Dci2CVFB3n9/conteudo/slide-05.png, https://multicon.vercel.app/carrosseis/Dci2CVFB3n9/conteudo/slide-06.png, https://multicon.vercel.app/carrosseis/Dci2CVFB3n9/sonho/slide-07.png, https://multicon.vercel.app/carrosseis/Dci2CVFB3n9/sonho/slide-08.png",,,,TRUE,FALSE,consorcio,Produção,"Comente SONHO aqui e eu te mando o material que explica tudo, de graça.",post,post,Ela tinha um imóvel e nada rendendo,TRUE,,,,,,,,,,,,,,,,,,,,,,,,
2026-11-03 15:00:00,"Alavancagem patrimonial é um termo que afasta pela sonoridade. A ideia por trás dele cabe numa frase.

Usar o que você já tem para conseguir o que ainda não tem.

Na prática mais comum: um bem já quitado entra como base, o consórcio é contemplado, e o valor vira capital para outro imóvel ou para um negócio que já existe.

Usamos alavanca sem pensar para levantar peso, e estranhamos quando o nome aparece no dinheiro.

O termo vem da física. Uma alavanca não cria força: ela redistribui a que já existe, aplicando num ponto melhor.

É exatamente isso que acontece aqui. Nada de dinheiro novo, só posicionamento diferente.

A operação exige que o bem esteja desimpedido juridicamente e que a estrutura seja montada com cuidado. É simples de entender e não é simples de improvisar.

É a parte em que vale ter alguém que já fez isso antes.

Se o termo te afastava, ele afasta quase todo mundo.

Palavra difícil não significa operação complexa. Às vezes significa só que ninguém traduziu.

Gostou? Fez sentido?

Então imagina a chave na sua mão, sem um centavo de juro no caminho. O que trava a maioria não é falta de dinheiro. É não saber como funciona.

Se quiser entender, comente SONHO abaixo. Eu te mando o material que explica tudo, do começo ao fim, de graça.

MUDE a história de endividamento da sua família.

#consorcio #casapropria #planejamentofinanceiro #educacaofinanceira #consorcioimobiliario #sairdoaluguel #primeiroimovel #organizacaofinanceira #patrimonio #cartadecredito #multiplic #fortaleza #alavancagem #conceito",,"https://multicon.vercel.app/carrosseis/DclhwotBh1q/sonho/slide-01.png, https://multicon.vercel.app/carrosseis/DclhwotBh1q/conteudo/slide-02.png, https://multicon.vercel.app/carrosseis/DclhwotBh1q/conteudo/slide-03.png, https://multicon.vercel.app/carrosseis/DclhwotBh1q/conteudo/slide-04.png, https://multicon.vercel.app/carrosseis/DclhwotBh1q/conteudo/slide-05.png, https://multicon.vercel.app/carrosseis/DclhwotBh1q/conteudo/slide-06.png, https://multicon.vercel.app/carrosseis/DclhwotBh1q/sonho/slide-07.png, https://multicon.vercel.app/carrosseis/DclhwotBh1q/sonho/slide-08.png",,,,TRUE,FALSE,consorcio,Produção,"Comente SONHO aqui e eu te mando o material que explica tudo, de graça.",post,post,Alavancagem explicada devagar,TRUE,,,,,,,,,,,,,,,,,,,,,,,,
2026-11-04 15:00:00,"Existe uma operação que parece estranha quando descrita pela primeira vez: comprar um bem de si mesmo.

Ela é legal, é comum, e resolve um problema específico.

Quem tem um imóvel no nome da pessoa física pode adquiri-lo pela pessoa jurídica, usando um consórcio contemplado. O bem muda de lado, e o valor vira capital disponível.

Temos o patrimônio de um lado e a necessidade do outro, e não ocorre a ninguém aproximá-los.

No jargão contábil isso é uma operação entre partes relacionadas. Não é brecha: é uma estrutura prevista, que pede documentação e motivo econômico real.

E o motivo, aqui, costuma ser transformar patrimônio parado em capital de trabalho.

A condição inegociável é que o bem esteja desimpedido: sem penhora, sem pendência, com documentação em ordem. É onde a maioria das operações trava.

Verificar isso antes economiza meses.

Se você nunca ouviu falar dessa possibilidade, ela realmente circula pouco.

Era menos acessível até pouco tempo atrás — e mudou sem que quase ninguém fosse avisado.

Gostou? Fez sentido?

Então imagina a chave na sua mão, sem um centavo de juro no caminho. O que trava a maioria não é falta de dinheiro. É não saber como funciona.

Se quiser entender, comente SONHO abaixo. Eu te mando o material que explica tudo, do começo ao fim, de graça.

MUDE a história de endividamento da sua família.

#consorcio #casapropria #planejamentofinanceiro #educacaofinanceira #consorcioimobiliario #sairdoaluguel #primeiroimovel #organizacaofinanceira #patrimonio #cartadecredito #multiplic #fortaleza #pfpj #estrutura",,"https://multicon.vercel.app/carrosseis/DcoGiNhh5uD/sonho/slide-01.png, https://multicon.vercel.app/carrosseis/DcoGiNhh5uD/conteudo/slide-02.png, https://multicon.vercel.app/carrosseis/DcoGiNhh5uD/conteudo/slide-03.png, https://multicon.vercel.app/carrosseis/DcoGiNhh5uD/conteudo/slide-04.png, https://multicon.vercel.app/carrosseis/DcoGiNhh5uD/conteudo/slide-05.png, https://multicon.vercel.app/carrosseis/DcoGiNhh5uD/conteudo/slide-06.png, https://multicon.vercel.app/carrosseis/DcoGiNhh5uD/sonho/slide-07.png, https://multicon.vercel.app/carrosseis/DcoGiNhh5uD/sonho/slide-08.png",,,,TRUE,FALSE,consorcio,Produção,"Comente SONHO aqui e eu te mando o material que explica tudo, de graça.",post,post,Comprar de si mesmo,TRUE,,,,,,,,,,,,,,,,,,,,,,,,
2026-11-05 15:00:00,"Consórcio é feito para ir até o fim, e quase toda a conversa sobre ele parte disso. Mas a vida às vezes muda no meio, e ninguém prevê qual mês.

Vale saber o que acontece nesse cenário antes de precisar saber.

Quem desiste não perde o que pagou. Há uma multa contratual, e o participante passa para um grupo específico, o dos desistentes, com sorteio mensal próprio.

Imaginamos que sair custa tudo, e custa uma parte definida em contrato.

O nome técnico é cota cancelada, e o mecanismo existe porque o dinheiro pertence ao grupo, não à administradora. Ele volta, seguindo uma fila com regra.

Não é rápido. Mas é previsível, e previsível já é muita coisa.

Saber disso muda a decisão de quem hesita em começar por medo de imprevisto. O risco existe, tem tamanho conhecido, e não é a perda total que se imagina.

Medo calibrado decide melhor que medo genérico.

E se você está pensando em desistir agora, vale conversar antes de assinar qualquer coisa.

Na maioria dos casos existe um caminho melhor que sair, e ele só aparece quando alguém olha o contrato com você.

Gostou? Fez sentido?

Então imagina começar hoje.

Comente SONHO abaixo.

MUDE a história de endividamento da sua família.

#consorcio #casapropria #planejamentofinanceiro #educacaofinanceira #consorcioimobiliario #sairdoaluguel #primeiroimovel #organizacaofinanceira #patrimonio #cartadecredito #multiplic #fortaleza #desistencia #contrato",,"https://multicon.vercel.app/carrosseis/DcpLQHjBXpe/sonho/slide-01.png, https://multicon.vercel.app/carrosseis/DcpLQHjBXpe/conteudo/slide-02.png, https://multicon.vercel.app/carrosseis/DcpLQHjBXpe/conteudo/slide-03.png, https://multicon.vercel.app/carrosseis/DcpLQHjBXpe/conteudo/slide-04.png, https://multicon.vercel.app/carrosseis/DcpLQHjBXpe/conteudo/slide-05.png, https://multicon.vercel.app/carrosseis/DcpLQHjBXpe/conteudo/slide-06.png, https://multicon.vercel.app/carrosseis/DcpLQHjBXpe/sonho/slide-07.png, https://multicon.vercel.app/carrosseis/DcpLQHjBXpe/sonho/slide-08.png",,,,TRUE,FALSE,consorcio,Produção,"Comente SONHO aqui e eu te mando o material que explica tudo, de graça.",post,post,Desistir não é perder tudo,TRUE,,,,,,,,,,,,,,,,,,,,,,,,
2026-11-06 15:00:00,"Reforma é a obra que quase sempre começa antes de haver dinheiro para terminar. É assim com cozinha, telhado, ampliação, automação.

E é assim que muita gente acaba num crédito caro no meio do caminho.

Existe uma modalidade específica para isso: consórcio de reforma. O valor cai direto na conta do contemplado, e a visita técnica acontece depois da obra.

Planejamos a compra da casa com anos de antecedência, e a reforma dela na semana em que começa.

Na linguagem do setor, é um crédito com destinação e sem retenção. O dinheiro é seu para executar, e a comprovação vem no final.

É a diferença entre um financiamento de obra e um crédito que confia no cronograma.

Serve para móveis planejados, automação, piscina, ampliação: coisas que valorizam o imóvel e que raramente entram num planejamento formal.

Uma reforma planejada custa menos que uma reforma socorrida.

Se você vem adiando uma obra esperando sobrar dinheiro, isso é o mais comum que existe.

Nunca sobra — e agora existe um caminho que não depende de sobrar.

Gostou? Fez sentido?

Então imagina a chave na sua mão, sem um centavo de juro no caminho. O que trava a maioria não é falta de dinheiro. É não saber como funciona.

Se quiser entender, comente SONHO abaixo. Eu te mando o material que explica tudo, do começo ao fim, de graça.

MUDE a história de endividamento da sua família.

#consorcio #casapropria #planejamentofinanceiro #educacaofinanceira #consorcioimobiliario #sairdoaluguel #primeiroimovel #organizacaofinanceira #patrimonio #cartadecredito #multiplic #fortaleza #reforma #porto",,"https://multicon.vercel.app/carrosseis/DcqWyhDBd1Y/sonho/slide-01.png, https://multicon.vercel.app/carrosseis/DcqWyhDBd1Y/conteudo/slide-02.png, https://multicon.vercel.app/carrosseis/DcqWyhDBd1Y/conteudo/slide-03.png, https://multicon.vercel.app/carrosseis/DcqWyhDBd1Y/conteudo/slide-04.png, https://multicon.vercel.app/carrosseis/DcqWyhDBd1Y/conteudo/slide-05.png, https://multicon.vercel.app/carrosseis/DcqWyhDBd1Y/conteudo/slide-06.png, https://multicon.vercel.app/carrosseis/DcqWyhDBd1Y/sonho/slide-07.png, https://multicon.vercel.app/carrosseis/DcqWyhDBd1Y/sonho/slide-08.png",,,,TRUE,FALSE,consorcio,Produção,"Comente SONHO aqui e eu te mando o material que explica tudo, de graça.",post,post,Reformar sem entrar em financiamento,TRUE,,,,,,,,,,,,,,,,,,,,,,,,
2026-11-07 15:00:00,"Existe um momento do consórcio que surpreende muita gente: depois da contemplação, há uma nova análise de crédito.

Ela existe, e pega desprevenido quem não sabia.

Se houver restrição no nome naquele momento, a carta não é liberada de imediato. O valor não se perde, mas fica retido até a situação ser regularizada.

Comemoramos a contemplação, e esquecemos que ela ainda precisa ser confirmada.

A razão é que a carta envolve liberação de crédito, e crédito passa por análise em qualquer instituição. É procedimento, não é castigo.

O contrato diz isso desde o começo, numa linguagem que quase ninguém lê.

O que resolve é simples: manter o nome limpo durante todo o período, não apenas na contratação. E, se algo aconteceu, regularizar antes da assembleia.

É uma preocupação a mais, e custa muito menos que a surpresa.

Se isso aconteceu com você, o dinheiro continua lá e o caminho continua aberto.

O que existe é um prazo a cumprir. Não é um plano perdido.

Gostou? Fez sentido?

Então imagina a chave na sua mão, sem um centavo de juro no caminho. O que trava a maioria não é falta de dinheiro. É não saber como funciona.

Se quiser entender, comente SONHO abaixo. Eu te mando o material que explica tudo, do começo ao fim, de graça.

MUDE a história de endividamento da sua família.

#consorcio #casapropria #planejamentofinanceiro #educacaofinanceira #consorcioimobiliario #sairdoaluguel #primeiroimovel #organizacaofinanceira #patrimonio #cartadecredito #multiplic #fortaleza #contemplacao #credito",,"https://multicon.vercel.app/carrosseis/DcqyPvOBqL9/sonho/slide-01.png, https://multicon.vercel.app/carrosseis/DcqyPvOBqL9/conteudo/slide-02.png, https://multicon.vercel.app/carrosseis/DcqyPvOBqL9/conteudo/slide-03.png, https://multicon.vercel.app/carrosseis/DcqyPvOBqL9/conteudo/slide-04.png, https://multicon.vercel.app/carrosseis/DcqyPvOBqL9/conteudo/slide-05.png, https://multicon.vercel.app/carrosseis/DcqyPvOBqL9/conteudo/slide-06.png, https://multicon.vercel.app/carrosseis/DcqyPvOBqL9/sonho/slide-07.png, https://multicon.vercel.app/carrosseis/DcqyPvOBqL9/sonho/slide-08.png",,,,TRUE,FALSE,consorcio,Produção,"Comente SONHO aqui e eu te mando o material que explica tudo, de graça.",post,post,"Contemplado, mas com o nome sujo",TRUE,,,,,,,,,,,,,,,,,,,,,,,,
2026-11-08 15:00:00,"Existe um ponto em que a lógica do consórcio muda de natureza, e ele acontece quando o bem adquirido gera renda.

Comprar para morar resolve uma necessidade. Comprar para alugar inicia um ciclo.

A carta compra o imóvel, o imóvel é alugado, e o aluguel passa a cobrir a parcela. A partir daí, quem sustenta o compromisso não é mais o seu salário.

Trabalhamos todo mês para pagar um bem, e existe um arranjo em que o bem se paga.

Esse é o núcleo do que se chama alavancagem patrimonial: um ativo que produz o suficiente para financiar o próximo.

Nada acontece rápido, e é justamente por isso que funciona no longo prazo.

Quem repete o ciclo algumas vezes chega a um ponto em que a renda dos imóveis sustenta novos consórcios sem depender de aporte.

É lento no começo e acelera sozinho depois, o contrário da sensação inicial.

Se você tem um só imóvel e é onde você mora, isso não te deixa de fora.

Todo mundo que chegou a essa etapa passou antes pela primeira — e a primeira é só uma parcela.

Gostou? Fez sentido?

Então imagina a chave na sua mão, sem um centavo de juro no caminho. O que trava a maioria não é falta de dinheiro. É não saber como funciona.

Se quiser entender, comente SONHO abaixo. Eu te mando o material que explica tudo, do começo ao fim, de graça.

MUDE a história de endividamento da sua família.

#consorcio #casapropria #planejamentofinanceiro #educacaofinanceira #consorcioimobiliario #sairdoaluguel #primeiroimovel #organizacaofinanceira #patrimonio #cartadecredito #multiplic #fortaleza #aluguel #renda",,"https://multicon.vercel.app/carrosseis/DcrNrtih1c5/sonho/slide-01.png, https://multicon.vercel.app/carrosseis/DcrNrtih1c5/conteudo/slide-02.png, https://multicon.vercel.app/carrosseis/DcrNrtih1c5/conteudo/slide-03.png, https://multicon.vercel.app/carrosseis/DcrNrtih1c5/conteudo/slide-04.png, https://multicon.vercel.app/carrosseis/DcrNrtih1c5/conteudo/slide-05.png, https://multicon.vercel.app/carrosseis/DcrNrtih1c5/conteudo/slide-06.png, https://multicon.vercel.app/carrosseis/DcrNrtih1c5/sonho/slide-07.png, https://multicon.vercel.app/carrosseis/DcrNrtih1c5/sonho/slide-08.png",,,,TRUE,FALSE,consorcio,Produção,"Comente SONHO aqui e eu te mando o material que explica tudo, de graça.",post,post,Quem paga a parcela é o inquilino,TRUE,,,,,,,,,,,,,,,,,,,,,,,,
2026-11-09 15:00:00,"Há uma conversa difícil que muita família nunca tem: a de que não existe patrimônio para ser deixado.

Ela é difícil porque parece sobre morte, e é sobre organização.

Um consórcio no nome dos pais, com seguro prestamista contratado, muda esse cenário. Se algo acontecer no meio do caminho, o seguro quita a carta.

Evitamos o assunto por respeito, e o silêncio é justamente o que deixa a família desprotegida.

No setor isso se chama planejamento sucessório: organizar, em vida, o que aconteceria depois. Não antecipa nada, só evita que a decisão caia sobre quem está de luto.

É um documento, não um presságio.

O resultado prático é que uma família sem patrimônio passa a ter um caminho para ele, com proteção embutida durante todo o período de construção.

O bem é construído aos poucos, e já nasce protegido.

Se os seus pais não têm nada acumulado, isso não é falha de ninguém.

Quase nenhuma geração anterior teve as ferramentas que existem hoje — e usá-las agora ainda chega a tempo.

Gostou? Fez sentido?

Então imagina começar hoje.

Comente SONHO abaixo.

MUDE a história de endividamento da sua família.

#consorcio #casapropria #planejamentofinanceiro #educacaofinanceira #consorcioimobiliario #sairdoaluguel #primeiroimovel #organizacaofinanceira #patrimonio #cartadecredito #multiplic #fortaleza #sucessao #prestamista",,"https://multicon.vercel.app/carrosseis/DctJPbVhv19/sonho/slide-01.png, https://multicon.vercel.app/carrosseis/DctJPbVhv19/conteudo/slide-02.png, https://multicon.vercel.app/carrosseis/DctJPbVhv19/conteudo/slide-03.png, https://multicon.vercel.app/carrosseis/DctJPbVhv19/conteudo/slide-04.png, https://multicon.vercel.app/carrosseis/DctJPbVhv19/conteudo/slide-05.png, https://multicon.vercel.app/carrosseis/DctJPbVhv19/conteudo/slide-06.png, https://multicon.vercel.app/carrosseis/DctJPbVhv19/sonho/slide-07.png, https://multicon.vercel.app/carrosseis/DctJPbVhv19/sonho/slide-08.png",,,,TRUE,FALSE,consorcio,Produção,"Comente SONHO aqui e eu te mando o material que explica tudo, de graça.",post,post,A herança que ainda não existe,TRUE,,,,,,,,,,,,,,,,,,,,,,,,
2026-11-10 15:00:00,"Muita gente descobre o consórcio quando já tem um financiamento em andamento. A reação comum é achar que perdeu o bonde.

Não perdeu. Existe um caminho para os dois conviverem.

Enquanto o financiamento corre, começa-se um consórcio em paralelo. Na contemplação, o valor da carta quita o financiamento de uma vez.

Achamos que a decisão errada é definitiva, e boa parte delas tem conserto.

A operação tem nome: a administradora entra como interveniente quitante, pagando diretamente o banco. Não passa pela sua conta, e por isso é mais simples do que parece.

O imóvel troca de credor, e o juro para de correr.

O ganho não é pequeno. Sai um contrato com juro de décadas, entra um com taxa de administração conhecida e prazo menor.

O imóvel é o mesmo, e continua sendo seu o tempo todo.

Se você financiou antes de conhecer essa possibilidade, foi assim para quase todo mundo.

O contrato que você assinou não precisa ser o contrato com que você termina.

Gostou? Fez sentido?

Então imagina a chave na sua mão, sem um centavo de juro no caminho. O que trava a maioria não é falta de dinheiro. É não saber como funciona.

Se quiser entender, comente SONHO abaixo. Eu te mando o material que explica tudo, do começo ao fim, de graça.

MUDE a história de endividamento da sua família.

#consorcio #casapropria #planejamentofinanceiro #educacaofinanceira #consorcioimobiliario #sairdoaluguel #primeiroimovel #organizacaofinanceira #patrimonio #cartadecredito #multiplic #fortaleza #quitacao #financiamento",,"https://multicon.vercel.app/carrosseis/DctJSffBFF3/sonho/slide-01.png, https://multicon.vercel.app/carrosseis/DctJSffBFF3/conteudo/slide-02.png, https://multicon.vercel.app/carrosseis/DctJSffBFF3/conteudo/slide-03.png, https://multicon.vercel.app/carrosseis/DctJSffBFF3/conteudo/slide-04.png, https://multicon.vercel.app/carrosseis/DctJSffBFF3/conteudo/slide-05.png, https://multicon.vercel.app/carrosseis/DctJSffBFF3/conteudo/slide-06.png, https://multicon.vercel.app/carrosseis/DctJSffBFF3/sonho/slide-07.png, https://multicon.vercel.app/carrosseis/DctJSffBFF3/sonho/slide-08.png",,,,TRUE,FALSE,consorcio,Produção,"Comente SONHO aqui e eu te mando o material que explica tudo, de graça.",post,post,Trocar o financiamento pela carta,TRUE,,,,,,,,,,,,,,,,,,,,,,,,
2026-11-11 15:00:00,"Existe uma suposição silenciosa sobre a carta de crédito: a de que ela compra um bem, um só, do valor exato.

Não é assim, e essa suposição limita muito plano.

Uma carta de um milhão pode ser dividida. Dois apartamentos, três salas comerciais, uma casa para morar e outra para alugar, terrenos.

Pedimos um crédito grande, e pensamos nele como uma compra pequena e única.

O que existe é um valor disponível e uma finalidade compatível com o tipo da carta. Dentro disso, a distribuição é sua.

No contrato a expressão é utilização do crédito, e ela é mais flexível do que o nome sugere.

Dividir muda a estratégia. Um imóvel para morar e outro para alugar já cria renda no mesmo movimento em que resolve a moradia.

É a diferença entre comprar um bem e montar um arranjo.

Se você achava que teria de escolher um só, essa é a leitura natural de quem nunca foi informado.

A carta sempre foi um valor — e valor se reparte.

Gostou? Fez sentido?

Então imagina a chave na sua mão, sem um centavo de juro no caminho. O que trava a maioria não é falta de dinheiro. É não saber como funciona.

Se quiser entender, comente SONHO abaixo. Eu te mando o material que explica tudo, do começo ao fim, de graça.

MUDE a história de endividamento da sua família.

#consorcio #casapropria #planejamentofinanceiro #educacaofinanceira #consorcioimobiliario #sairdoaluguel #primeiroimovel #organizacaofinanceira #patrimonio #cartadecredito #multiplic #fortaleza #cartadecredito #estrategia",,"https://multicon.vercel.app/carrosseis/Dcv5xfxhTE6/sonho/slide-01.png, https://multicon.vercel.app/carrosseis/Dcv5xfxhTE6/conteudo/slide-02.png, https://multicon.vercel.app/carrosseis/Dcv5xfxhTE6/conteudo/slide-03.png, https://multicon.vercel.app/carrosseis/Dcv5xfxhTE6/conteudo/slide-04.png, https://multicon.vercel.app/carrosseis/Dcv5xfxhTE6/conteudo/slide-05.png, https://multicon.vercel.app/carrosseis/Dcv5xfxhTE6/conteudo/slide-06.png, https://multicon.vercel.app/carrosseis/Dcv5xfxhTE6/sonho/slide-07.png, https://multicon.vercel.app/carrosseis/Dcv5xfxhTE6/sonho/slide-08.png",,,,TRUE,FALSE,consorcio,Produção,"Comente SONHO aqui e eu te mando o material que explica tudo, de graça.",post,post,Um milhão cabe em três imóveis,TRUE,,,,,,,,,,,,,,,,,,,,,,,,
2026-11-12 15:00:00,"Consórcio não tem juros. É verdade, está no contrato, e ainda assim a frase deixa uma pergunta no ar.

Então o que exatamente se paga além da carta?

Paga-se taxa de administração, em torno de vinte por cento para imóveis e menos para veículos. Há também fundo de reserva e, se contratado, seguro.

Ouvimos sem juros e entendemos de graça, e as duas coisas nunca foram a mesma.

A diferença está em como cada custo se comporta no tempo. Juro incide sobre saldo devedor e cresce com a demora. Taxa de administração é percentual fixo, diluído no prazo.

Vinte por cento em duzentos meses é outra coisa que doze por cento ao ano durante trinta anos.

Num financiamento é comum terminar pagando duas ou três vezes o valor do bem. No consórcio, o total pago é conhecido desde a assinatura.

Não é grátis. É previsível, e previsível é o que permite planejar.

Se você desconfiou da frase sem juros, você fez bem.

Desconfiar de promessa redonda é o começo de qualquer boa decisão financeira — e agora a conta está aberta.

Gostou? Fez sentido?

Então imagina a chave na sua mão, sem um centavo de juro no caminho. O que trava a maioria não é falta de dinheiro. É não saber como funciona.

Se quiser entender, comente SONHO abaixo. Eu te mando o material que explica tudo, do começo ao fim, de graça.

MUDE a história de endividamento da sua família.

#consorcio #casapropria #planejamentofinanceiro #educacaofinanceira #consorcioimobiliario #sairdoaluguel #primeiroimovel #organizacaofinanceira #patrimonio #cartadecredito #multiplic #fortaleza #taxadeadministracao #transparencia",,"https://multicon.vercel.app/carrosseis/DcwXNtmhkZW/sonho/slide-01.png, https://multicon.vercel.app/carrosseis/DcwXNtmhkZW/conteudo/slide-02.png, https://multicon.vercel.app/carrosseis/DcwXNtmhkZW/conteudo/slide-03.png, https://multicon.vercel.app/carrosseis/DcwXNtmhkZW/conteudo/slide-04.png, https://multicon.vercel.app/carrosseis/DcwXNtmhkZW/conteudo/slide-05.png, https://multicon.vercel.app/carrosseis/DcwXNtmhkZW/conteudo/slide-06.png, https://multicon.vercel.app/carrosseis/DcwXNtmhkZW/sonho/slide-07.png, https://multicon.vercel.app/carrosseis/DcwXNtmhkZW/sonho/slide-08.png",,,,TRUE,FALSE,consorcio,Produção,"Comente SONHO aqui e eu te mando o material que explica tudo, de graça.",post,post,Sem juro não significa sem custo,TRUE,,,,,,,,,,,,,,,,,,,,,,,,
2026-11-13 15:00:00,"Muita empresa tem patrimônio no balanço e aperto no caixa ao mesmo tempo. Um galpão, uma sala, um imóvel, parados, valorizando devagar.

E, ao lado disso, um capital de giro caro.

Enquanto o bem descansa, o negócio paga juro para financiar a própria operação. São dois fatos verdadeiros que raramente se encontram na mesma conversa.

Mostramos o patrimônio com orgulho no balanço, e financiamos o mês no banco.

O que existe aqui é uma questão de estrutura de capital: quanto do que a empresa possui está efetivamente sendo usado para gerar resultado.

Ativo parado não é reserva. É custo de oportunidade com aparência de segurança.

Uma estratégia de consórcio bem montada transforma esse patrimônio em capital planejado, para giro, expansão ou reinvestimento, sem vender o bem.

O balanço permanece. O caixa muda.

Se a sua empresa carrega patrimônio e vive apertada, isso não é contradição nem má administração.

É o desenho mais comum que existe — e é um desenho que dá para redesenhar.

Gostou? Fez sentido?

Então imagina começar hoje.

Comente SONHO abaixo.

MUDE a história de endividamento da sua família.

#consorcio #casapropria #planejamentofinanceiro #educacaofinanceira #consorcioimobiliario #sairdoaluguel #primeiroimovel #organizacaofinanceira #patrimonio #cartadecredito #multiplic #fortaleza #empresario #capitaldegiro",,"https://multicon.vercel.app/carrosseis/DdMJsNGByiq/sonho/slide-01.png, https://multicon.vercel.app/carrosseis/DdMJsNGByiq/sonho/slide-02.png, https://multicon.vercel.app/carrosseis/DdMJsNGByiq/conteudo/slide-03.png, https://multicon.vercel.app/carrosseis/DdMJsNGByiq/conteudo/slide-04.png, https://multicon.vercel.app/carrosseis/DdMJsNGByiq/conteudo/slide-05.png, https://multicon.vercel.app/carrosseis/DdMJsNGByiq/conteudo/slide-06.png, https://multicon.vercel.app/carrosseis/DdMJsNGByiq/sonho/slide-07.png, https://multicon.vercel.app/carrosseis/DdMJsNGByiq/sonho/slide-08.png",,,,TRUE,FALSE,consorcio,Produção,"Comente SONHO aqui e eu te mando o material que explica tudo, de graça.",post,post,O imóvel da empresa pode virar caixa,TRUE,,,,,,,,,,,,,,,,,,,,,,,,
